driverId,name,ssn,location,certified,wage-plan
10,Jack Whitehead,127-38-1381,"69955 Thompson Flats
South Ericland, NE 56485",N,hours
11,Stephanie Hernandez,444-45-3228,"507 Jeffrey Shoal Suite 530
Middletonhaven, AR 47557",N,hours
12,Stephanie Adams,347-91-2132,"PSC 2520, Box 2902
APO AP 70682",N,miles
13,Todd Turner,596-01-3785,"39035 Martinez Wall Suite 205
West Amy, SD 69060",Y,hours
14,Jose Lam,081-09-7416,"54342 Richardson Island
Sheppardberg, MH 31668",N,hours
15,Jessica Miller,468-56-5544,"051 Michael Oval Suite 881
Pruittchester, VA 85654",Y,miles
16,Cody White PhD,036-94-2072,"568 Carter Course Suite 081
Lake Makaylaview, VA 86955",N,hours
17,Stacy Fleming,620-89-7685,"85842 Green Street
Lake Paulport, CT 67288",N,miles
18,Eric Williams,428-16-2244,"970 Ramirez Mission
Ramirezside, OH 95608",Y,miles
19,Gail Haley,696-99-8210,"12516 Martinez Ford
East John, AZ 06216",Y,miles
20,Stephanie Calhoun,561-07-3760,"414 Mccullough Forges
West Jeffery, ID 53350",Y,miles
21,Dr. Julie Collins DVM,144-33-5269,"854 Hernandez Turnpike
North Joelmouth, WI 10823",N,miles
22,Katherine Doyle,654-10-5490,"57082 Taylor Overpass
East Laura, UT 69257",Y,hours
23,Sharon Shah,476-77-4129,"249 Mark Bypass
Riveraville, TN 19276",N,hours
24,Grace Austin,099-97-8583,"279 Simpson Park Suite 515
Cherylmouth, CA 19669",N,miles
25,Evelyn Dillon,335-20-3553,"644 Gallagher Mountains Apt. 461
West Maria, MI 39809",Y,miles
26,Jeffrey Caldwell,091-25-8349,"86448 Michael Springs Suite 241
Port Susan, UT 58629",Y,hours
27,Elizabeth Parker,433-11-6724,"240 Ayala Common Suite 831
West Andreatown, KS 71526",N,miles
28,Jennifer Schmidt,162-76-9661,"501 Bailey Pine
Hinesmouth, NY 12358",N,miles
29,Brian Braun,252-75-3616,"972 Stephanie Courts Apt. 253
Davidmouth, HI 32831",Y,miles
30,Crystal Richards,895-54-6551,"8292 Stacey Springs Suite 485
East Nancyshire, IL 90649",N,miles
31,Michelle Manning,449-79-6267,"52057 Michael Land Suite 746
West Brian, RI 05565",Y,miles
32,Robert Morales,364-44-9887,"450 Wall Tunnel Suite 343
West Amandaland, VA 97844",N,miles
33,Dr. Mark Herrera Jr.,224-40-8751,"Unit 7576 Box 2485
DPO AE 56115",Y,hours
34,Ryan Hayes DVM,550-65-0373,"084 Estes Route Apt. 914
Reynoldsbury, IL 26279",N,miles
35,Darrell Merritt,241-14-5740,"3148 Yvonne Pines
Villarrealmouth, IN 31418",Y,hours
36,Adriana Blevins,043-75-4021,"36138 Jeremy Pass
Buckton, MD 44989",N,hours
37,Alexis Morgan,754-91-1732,"4871 Klein Tunnel
Leonardfurt, TX 14432",Y,hours
38,Mrs. Stacey Cameron,534-42-7270,"USNS Coleman
FPO AA 88444",N,hours
39,Miguel Butler,046-21-4560,"75011 Woods Islands
Youngshire, CO 67232",Y,miles
40,Michael Cervantes,743-73-5139,"4377 Reyes Lane
West Jodiville, MD 51756",N,hours
41,Chelsea Green,338-35-9446,"0460 Juan Vista Apt. 257
Kevinberg, AZ 61250",Y,miles
42,Donna Butler,897-79-6089,"9699 Esparza Plains Apt. 688
West Lesliefurt, IN 98143",N,hours
43,Cory Vasquez,169-59-8020,"8567 Daniel Ridges Apt. 816
Smithstad, AZ 35682",N,miles
44,Tanya Reese,049-27-1145,"70927 Robinson Fields
Stanleychester, CA 03956",Y,hours
45,Amanda Daniels,517-44-3716,"704 Daniel Forges Apt. 644
Lake Jackland, GU 37349",N,hours
46,Amy Barber,870-43-1175,"06687 Debbie Hills
East Adam, SD 79698",N,hours
47,Ryan Hill,311-30-9245,"50297 Parker Burg
Anthonyland, IL 17509",Y,miles
48,Eric Ball,453-96-1360,"80365 Nicholas Park
East Kevinfort, NC 68634",N,miles
49,Victoria Taylor,881-81-9085,"13752 Carolyn Place
West Elizabethside, MH 36826",N,miles
50,Richard Rhodes,745-27-9827,"34008 Jeffrey Roads Apt. 161
Watkinsfurt, KY 73632",N,miles
51,Brandon Greene,173-96-6122,"8864 Barry View
Lopezburgh, NJ 21018",Y,miles
52,Sally Maldonado,316-78-1604,"411 Gordon Coves
Ashleyfort, AR 08120",Y,hours
53,James Booth,187-67-0824,"1832 Clarke Islands Apt. 899
Port Nathanchester, MP 23796",N,miles
54,Brooke Johnson,790-07-6484,"9754 Ann Court Apt. 901
Grayshire, OH 96765",N,miles
55,David Torres,235-36-1476,"91960 Mccormick Vista Suite 235
North Bryan, AR 63694",N,hours
56,Samantha Morrison,246-01-1361,"68521 Kathleen Fort Suite 548
South Mary, WY 04841",N,hours
57,Christopher Black,433-94-8185,"0008 Hughes Mall Suite 758
Timothybury, TN 13327",N,hours
58,Nicholas Smith DVM,051-41-3072,"5240 Gardner Extensions Apt. 892
West Steventown, MD 03376",Y,hours
59,Mark Gibson,328-62-8907,"21235 Martha Wells Suite 042
South Davidtown, CA 00753",N,hours
60,Ian Moore,491-83-0707,"371 Cross Hollow
South Taraview, AZ 23601",N,miles
61,Andrew Mitchell,036-04-8945,"PSC 5015, Box 0662
APO AA 41555",Y,hours
62,John Adkins,658-13-5444,"840 Williams Center Apt. 871
Suzanneside, VA 22222",Y,hours
63,Justin Williams,740-76-9520,"41682 Evans Garden Suite 861
New Heatherchester, CO 29956",N,miles
64,Tina Wright,794-98-8365,"69232 Lopez Keys
North Jamesfort, WA 16130",Y,miles
65,Mark Wood,589-46-4646,"USCGC Nelson
FPO AP 96628",N,hours
66,Jessica Cardenas,457-83-0592,"684 Teresa Hill
Hernandezton, NE 16046",Y,miles
67,Lori Stone,843-27-8298,"USS Hahn
FPO AA 52165",Y,miles
68,Louis Montoya,754-73-8740,"USCGC Garcia
FPO AE 19177",N,miles
69,Zachary Johns,891-51-0067,"Unit 5339 Box 9546
DPO AA 61118",N,miles
70,Jaclyn Richard,568-10-6849,"63480 David Forest Apt. 572
Maureenside, SC 61272",Y,hours
71,Kimberly West,361-94-0432,"175 Hill Ford Suite 896
Montgomeryberg, MI 45461",Y,miles
72,Linda Baird MD,627-73-7724,"4543 Nicholas River Suite 988
Lake John, GA 74806",N,miles
73,Jennifer Freeman,878-42-9701,"511 Adam Heights Suite 358
West Jonathan, VA 74906",N,miles
74,Brian Clarke,120-48-6413,"69438 Gonzales Lights Apt. 436
Lake Erinmouth, HI 72029",Y,hours
75,Robin Cruz,590-04-3583,"2631 Vaughn Junctions
Port Joanne, VA 64802",N,hours
76,Jennifer Gomez,486-01-1183,"4499 Richard Inlet Apt. 100
Lake Kristen, VA 08714",Y,miles
77,Bradley Clark,201-68-1281,"01013 Fletcher Manor
North Ronald, VI 94676",Y,hours
78,Melissa Little,412-21-0950,"498 Montgomery Vista
North Jacob, OK 39093",Y,miles
79,Cody Kline,793-10-8023,"769 Smith Ranch Apt. 293
Kimberlyborough, AR 46899",Y,miles
80,Earl King,702-27-5044,"USNS Roach
FPO AE 53961",Y,hours
81,Jessica Wilson,308-38-2525,"08638 Jackson Isle
Christopherfort, WA 23424",N,miles
82,Bradley Wu,476-59-4961,"6277 Thomas Landing
North Renee, OK 90825",N,miles
83,Laura Williams,030-18-2635,"295 Elizabeth Pine Suite 750
New Ericbury, PA 35252",Y,miles
84,Tanya Meyer,863-31-3130,"4588 Marvin Centers
Jonathanton, MO 88178",N,miles
85,Chad Rivera,533-89-6718,"23134 Warren Heights Apt. 603
North Lindsay, NE 10272",Y,hours
86,Patrick Davis,618-04-3681,"291 Kara Isle
Santosside, GA 47990",N,miles
87,Kenneth Scott,460-49-1058,"29129 Susan Mall
Robbinsport, GA 28158",Y,hours
88,Thomas Huffman,550-36-4263,"2010 Scott Meadow
Lake Justin, VA 21887",N,miles
89,Matthew Smith,144-63-0860,"9865 Robert Cliff
East Katherineport, MI 40656",N,miles
90,Mark Murphy,853-21-7856,"070 Donald Isle Suite 230
Mckenzietown, IN 48042",N,hours
91,Dana Nelson,230-02-2917,"9822 Alicia Street Apt. 535
Fordburgh, GA 54534",Y,miles
92,Trevor Mcdonald,874-02-1133,"048 Justin Manors
New Melissaton, IN 83502",Y,miles
93,Larry Harrington,537-50-9676,"219 Salinas Prairie Suite 175
Lake Ronaldchester, OH 34548",Y,hours
94,Frank Miller,495-29-0581,"22097 Stacey Villages
Kingstad, ND 24358",N,hours
95,Jacob Sanchez,054-31-3298,"18630 Shawn Divide
Lake Michelletown, AL 45225",N,miles
96,George Saunders,868-38-8538,"95682 Howard Ports
Guzmanhaven, NH 60215",Y,miles
97,Doris Smith,739-49-6671,"02571 Benjamin Throughway Apt. 030
New Meghan, PR 32583",N,miles
98,Sharon Hughes,656-69-1131,"71120 Kaufman Landing
Port Caitlin, VT 81865",N,miles
99,Alan Foster,705-71-2788,"669 Alexander Village
North Paul, MN 21629",Y,miles
100,Timothy Richardson,749-82-6334,"86100 Judy Glens
Alexandermouth, ME 58981",Y,hours
101,Jeffrey Brooks,188-42-4171,"3368 Eric Hill Suite 115
Robertborough, DC 32175",Y,miles
102,Gary Horton,095-74-9426,"3600 Sullivan Vista Suite 514
South Breanna, MA 52060",Y,miles
103,Robin Johnston,620-37-5944,"27767 Calderon Passage Apt. 726
New Jacqueline, MA 39429",Y,hours
104,Jerry Allen,742-11-6838,"190 Woods Mountain Suite 839
Joshuahaven, VT 67483",Y,hours
105,Frederick Matthews,554-36-5861,"5376 David Dam Suite 266
South Chad, ID 21305",N,hours
106,Alexander Sanchez DDS,140-77-7978,"391 Hess Locks Suite 089
Williamstown, SD 38561",N,miles
107,Andrew Johnson,267-28-4659,"6976 Lin Springs Suite 051
Christopherville, AL 58068",Y,miles
108,Jason Contreras,260-89-7578,"3594 James Locks Apt. 830
New Michaela, VI 90066",N,hours
109,Christina Anderson,118-48-6149,"92546 Peterson River
North Michaeltown, TN 44076",N,hours
110,Heather Sanders,159-49-9024,"162 Fowler Haven Apt. 489
South Maureenburgh, MS 26795",N,miles
111,Jeffrey Kramer,661-93-2108,"081 Stanley Harbor Suite 849
Millerberg, TX 61039",Y,miles
112,Ralph Johnson,781-10-4665,"07096 Ronald Isle
East Kyle, PW 68132",Y,hours
113,Keith Chen,076-75-3587,"0762 Buck Harbor Apt. 515
West Ronald, ID 66389",Y,hours
114,James Williams,605-26-2493,"39632 Alex Estates Suite 171
Michaelville, VA 09400",N,miles
115,Kristen Orozco,093-32-4447,"95815 Cunningham Road Suite 703
Port Jenna, VI 61463",N,miles
116,Tracy Roberts,153-58-1202,"4754 Scott Run
Pierceland, OK 76637",Y,miles
117,Patrick Hart,190-52-5123,"2954 Phillips Well Apt. 306
Thomasborough, IN 77138",N,miles
118,Kimberly Kelley,600-55-1791,"661 Lozano Grove Apt. 790
Lake Cheryl, IN 47323",Y,miles
119,Stacey Walters,411-30-4241,"3367 Christopher Square
Brittanyville, FL 07254",Y,hours
120,Jamie Jones,870-77-3242,"1989 Greene Pike Apt. 314
Jessicaport, MN 63295",Y,miles
121,Sean Guzman,573-82-7259,"4597 Anderson Harbor Apt. 794
Josephland, CO 38566",N,miles
122,Seth Adams,359-08-1542,"96715 Torres Groves Apt. 070
Diazmouth, WA 34732",Y,miles
123,Thomas Skinner,266-51-3661,"Unit 4379 Box 7303
DPO AA 61178",Y,miles
124,Vicki Roberts,827-40-5278,"530 Deanna Mission Suite 716
New Davidmouth, UT 99105",N,hours
125,Melissa Kline,237-55-8173,"68926 Chapman Isle Suite 616
North Brittany, MS 06407",N,miles
126,Haley Bautista,586-93-9550,"USNV Robinson
FPO AE 74002",Y,hours
127,Cody Church,321-84-3205,"483 Gordon Trail Apt. 642
Lake Adrian, KS 19196",N,hours
128,Laura Choi,810-08-6150,"4428 Raymond Islands Suite 393
Andrewchester, SD 38211",N,hours
129,Abigail Stokes,025-79-4051,"Unit 1937 Box 1663
DPO AA 75257",Y,hours
130,Catherine Montoya,588-66-1119,"678 Delgado Lock Apt. 740
New Melindaberg, NM 40668",N,miles
131,Veronica Wells,322-10-8534,"58714 Margaret Isle Apt. 920
Benjaminfurt, MH 98469",N,hours
132,Caleb Ford,329-38-8651,"8118 Lewis Hill Apt. 181
Jessicaberg, KS 42194",N,miles
133,Malik Beck,455-07-1525,"7560 Danielle Shoal
Thompsonton, VT 55684",Y,miles
134,Christopher Hernandez,723-19-8112,"54166 Samantha Village
Robbinsberg, CA 32153",N,miles
135,Madison Mcdonald,738-35-0381,"4224 Andrews Falls
Mcbridefurt, NC 61996",Y,hours
136,Devin Bullock,736-78-1058,"68103 Michael Lights
Edwardsmouth, NM 24855",Y,miles
137,Christopher Thomas,286-83-1817,"32707 Christina Summit Suite 796
South Erikaland, VA 78502",Y,hours
138,Paul Cooper,784-17-4744,"18586 Carol Branch
North Greg, RI 88246",N,miles
139,Beth Clark,113-22-6268,"4165 Brittany Islands Suite 561
Andersonchester, WA 26722",N,hours
140,Chad Elliott,576-60-2864,"964 Barber Row Suite 734
Nicoleville, OH 65596",N,hours
141,Joshua Dickerson,766-68-6849,"461 Jones Plain
Tuckerview, TX 27439",Y,miles
142,Ashlee Jones,810-87-0833,"3341 Jessica Ferry Suite 521
Andersonland, TN 21928",N,miles
143,Mark Cruz,362-23-0353,"180 Peggy Circle
Alisonfort, AZ 53145",Y,hours
144,Jordan Gallagher,500-08-0660,"9336 Martin Lane
Laurenside, LA 94531",Y,miles
145,Bryan Smith,606-23-8562,"119 Hayes Brook Suite 323
Walkermouth, CT 24184",Y,hours
146,Sharon Berry,494-96-2719,"90244 Perry Garden Apt. 672
Ariasburgh, ME 99319",N,miles
147,Trevor Stewart,456-89-5365,"628 Bradley Road Suite 830
Lake Josephton, NJ 28408",N,miles
148,Amy Robertson,342-80-4369,"46054 Kelly Lane
South Frankberg, FL 37227",N,miles
149,Trevor Buckley,311-24-2569,"7782 Shawn Isle
Port Dominique, AR 52436",N,hours
150,Vernon Strong,434-76-4038,"14230 Randall Vista Apt. 274
West Lisa, TN 26746",N,miles
151,Tommy Molina,596-74-7511,"59537 Hess Prairie
New Michaeltown, MH 59155",N,miles
152,Jennifer Sosa,484-56-5683,"13387 Marsh Stravenue Suite 873
Lake Kelsey, FM 74640",Y,miles
153,Miranda Boyd,020-35-5281,"867 Rachel Burg Suite 672
North Joel, KY 08318",Y,miles
154,Teresa Diaz,008-28-6620,"0726 Laura Ridges Suite 187
Scottland, NE 48772",N,miles
155,Jamie Wilson,122-32-9934,"4195 Nicholas Crossroad
New Deborahton, DC 49370",Y,hours
156,Catherine Lyons,254-58-6104,"86847 Charles Well Apt. 203
West Michaelchester, DC 25571",N,hours
157,Deborah Peterson,040-06-5016,"77076 Danielle Station
Loriton, OK 63258",N,hours
158,Laura Murphy,688-98-8475,"PSC 1573, Box 1924
APO AA 71986",N,miles
159,Tina Hansen,667-26-0392,"86856 Erin Course
Chadmouth, MO 29296",Y,miles
160,Tracy Perez,859-52-2588,"195 Brandon Lake Apt. 060
Port Stephenberg, IN 49551",N,hours
161,Lucas Lindsey,321-37-3251,"Unit 4792 Box 4482
DPO AP 55346",N,miles
162,David Austin,095-21-9576,"136 Murray Route
Lake Josephshire, AR 03536",N,miles
163,Joshua Berry,028-18-4484,"7433 Nelson Course Suite 999
North Jerry, FL 68159",Y,miles
164,Ana Ferguson,233-03-6185,"763 Rose Isle Apt. 764
Isabellamouth, MD 66468",N,miles
165,Lisa Boyd,788-51-8930,"56025 Smith Pike
Lake Deborahmouth, NY 66727",Y,miles
166,Claudia Taylor,615-59-8140,"6478 Hamilton Highway Apt. 727
South Robert, MI 32821",Y,hours
167,Kayla Jimenez,226-35-0273,"USNV Wilson
FPO AE 79315",Y,hours
168,Steven Esparza,268-93-6888,"834 Michael Meadow Apt. 845
Lake Christopher, MS 38406",Y,hours
169,Debbie Ross,514-45-3372,"4771 Lynch Trail Apt. 866
South Nicole, ND 42235",Y,miles
170,Michelle Anderson,809-37-1335,"153 Derrick Islands Apt. 435
Lake Roger, AL 79825",Y,hours
171,Shane Reyes,085-01-8195,"773 Samuel Square Apt. 030
South Lindafort, RI 49886",Y,hours
172,Jessica Rhodes,605-95-1278,"000 Marcus Trafficway
Jameshaven, DE 31082",Y,miles
173,Teresa Wright,683-22-5562,"7509 Meagan Squares Apt. 943
Martinborough, VA 20770",Y,hours
174,Shawn Howard,149-24-3342,"USCGC Ortiz
FPO AA 54169",N,miles
175,Anthony Hammond,314-73-0079,"36866 Karina Creek Suite 006
West Makaylashire, OH 36209",Y,miles
176,Elizabeth Jones,750-02-5426,"797 Fitzpatrick Parkway
Lake Ronald, MN 32094",Y,hours
177,Michele Mendoza,497-49-9785,"56831 Mclean Extension Apt. 300
Lake Daniel, SC 95470",N,hours
178,April Moore,213-83-0682,"29309 Amanda Keys Apt. 896
Richardsmouth, KS 76621",N,hours
179,Stephanie Frank,836-52-2538,"04033 Evelyn Lakes
Dustinland, NM 62294",Y,hours
180,Melissa Flores,431-50-8127,"48790 Washington River
South Joseph, IN 29394",N,miles
181,Cheyenne Abbott,788-02-3780,"6002 Nathan Crescent
Karaside, MA 25354",Y,miles
182,Angela Ward,717-63-4946,"PSC 2137, Box 2813
APO AP 75910",N,miles
183,Karen Johnson,546-70-5640,"76211 Wood Way Apt. 191
Garciaside, NM 82445",N,hours
184,Kelly Weaver,232-29-5505,"936 Karen Mountain
South Jennifer, ND 43229",N,miles
185,Sarah Simmons,381-21-4738,"7013 James Ville
North Kristopherfort, OK 63049",Y,hours
186,Ashley Pierce,011-46-3696,"9678 Kelsey Lock Apt. 137
Flowerstown, RI 35536",N,miles
187,Sandra Sanders,306-11-4174,"Unit 1134 Box 3708
DPO AP 29140",Y,miles
188,Daniel Nichols,156-11-0478,"200 Lang Fields
Dyerland, ME 83007",N,hours
189,April Coleman,197-21-2726,"18614 Sanford Court
Vargasfurt, OK 20322",N,miles
190,Theresa Floyd,534-10-4576,"4187 Davis Club
Brittanyton, NC 79548",Y,hours
191,Jay Turner,178-91-9650,"946 Walker Falls
East Davidbury, TX 55027",N,miles
192,James York,284-30-8892,"850 Davenport Street
Amymouth, SC 28004",N,miles
193,Michael Gonzalez,064-40-9992,"224 Riggs Greens
Port Ambermouth, ID 88084",N,hours
194,Sabrina Martin,117-43-2589,"84183 Tracy Club
North Richard, MH 15083",Y,miles
195,Leslie Jordan,382-19-1746,"55051 Mallory Crossroad
Herreraview, MO 62906",Y,hours
196,Charles Scott,448-73-3506,"1119 Alicia Fords
Walterburgh, NH 57063",N,hours
197,Stephanie Dixon,586-34-4001,"1718 Charlene Streets
North Haley, PW 88325",Y,hours
198,Sean Russell,135-37-9523,"96330 Gray Port
Lake Cynthia, SC 10756",N,hours
199,Angela Davis,829-63-4526,"6340 Brandon Rapids
Wrightshire, ME 14331",Y,miles
200,Joshua Lee,416-97-9853,"6214 James Stream Suite 872
Watsonland, AS 95718",Y,hours
201,Elizabeth Gill,297-98-3816,"3983 Andrew Bridge Suite 264
Lauratown, TX 06448",Y,miles
202,Brittany Deleon MD,245-13-2978,"08232 Kennedy View Apt. 883
West Kerryton, AK 31366",Y,hours
203,Melissa Galloway,845-22-6971,"5385 Marissa Pike
Wilsonfurt, IA 11853",N,hours
204,Shannon Gay,487-95-9816,"54594 Amber Highway
North Kathleen, SD 67934",N,miles
205,Daniel Ross,155-53-4874,"885 Soto Key Apt. 583
Gavinhaven, FM 73892",N,hours
206,Adam Rodriguez,516-70-5234,"0126 Vicki Vista
North Ashleyhaven, MH 42008",N,miles
207,Kelly Lee,771-75-4216,"57656 Jennifer Gateway
Lake Pamela, UT 92490",Y,hours
208,Amber Callahan,576-08-9751,"212 Hogan Junctions
Port Dylanberg, NV 99927",Y,hours
209,Kevin Rogers,300-90-3714,"USS Hodges
FPO AP 25627",Y,hours
210,Jessica Brown,057-89-4050,"320 Brenda Loaf Apt. 211
East Lukebury, AK 98278",N,miles
211,James Hampton,047-34-7610,"85818 Randy Viaduct Suite 439
South Lisa, AK 08431",Y,hours
212,Thomas Williams,658-80-9994,"9728 Peter Trafficway Apt. 308
Victorburgh, UT 37480",N,miles
213,Jason Fisher,105-29-3396,"86845 Patrick Groves Suite 867
Emilyton, UT 43146",Y,hours
214,Julia Sheppard,865-38-7702,"109 Walker Stream
Cruzside, MD 45276",Y,hours
215,Jonathan Mcknight,182-14-6309,"917 Lorraine Hollow
South Matthewmouth, VT 37150",Y,miles
216,James Fox,647-51-7780,"59844 Berry Rue Suite 603
Cruzview, MH 16291",Y,hours
217,Robert Watts,659-88-2880,"50285 Mcneil Field Suite 982
North Samantha, IA 71160",Y,miles
218,Michael Small,399-83-6319,"6089 Paige Plain
New Thomastown, CA 14628",Y,miles
219,Lawrence Tucker,618-74-9992,"4838 Pope Meadows
Harrisville, SD 54751",Y,miles
220,Curtis Gray,594-30-9329,"518 Taylor Skyway Apt. 331
Walkerville, WA 72558",N,hours
221,Kevin Garcia,433-47-8296,"USNS Taylor
FPO AE 06558",N,hours
222,Gloria Cobb,726-43-6129,"4843 Jacob Springs Apt. 048
Brendanmouth, OK 22874",Y,hours
223,Jessica Coleman,664-38-5554,"Unit 2893 Box 9946
DPO AA 74230",N,miles
224,Yolanda Simpson,011-88-4423,"85410 Jennifer Points Suite 894
Lake Aprilmouth, NC 96106",N,miles
225,Heather Shaw,052-56-0263,"87834 Valencia Lock Suite 776
Lake Stephen, AL 96594",Y,miles
226,Bryce Lee,817-90-3891,"60737 Martin Centers
East Lawrence, OR 07728",Y,miles
227,Jamie Powell,721-82-9755,"USNV Barron
FPO AP 88082",Y,hours
228,Tiffany Smith,138-26-2065,"75044 Berg Mills Suite 620
North Tonyatown, NY 79922",Y,hours
229,Catherine Gutierrez,093-82-8621,"PSC 8428, Box 1752
APO AA 09104",Y,hours
230,James Wright Jr.,472-71-0675,"424 Morrow Points
Charlesberg, WA 79596",N,hours
231,Julie May,873-47-1787,"1788 Campos Key Apt. 271
Mackville, NM 21103",Y,hours
232,Sharon Kerr,440-92-3163,"037 Hammond Terrace Apt. 853
Smithstad, PR 80187",Y,miles
233,Megan Beck,056-26-0658,"6577 Daniel Walk Suite 115
Campbellchester, MS 75852",Y,hours
234,Russell Davis,635-18-8736,"26139 Ashley Fields Apt. 683
West Michael, ND 79006",Y,miles
235,Shane Gonzalez,139-93-3958,"918 Gerald Squares Apt. 673
Jamesmouth, NE 56841",N,miles
236,Steven Harris,209-92-8239,"95194 Melissa Road Suite 313
Kellyville, CA 21923",Y,miles
237,Mr. Wesley Li,741-99-9317,"Unit 6611 Box 1207
DPO AE 75979",Y,miles
238,Derrick Anderson,292-45-9707,"76211 Brown Place
Benjaminhaven, WV 55225",N,hours
239,Arthur Strong,896-52-2369,"6301 Kevin Trafficway Apt. 641
New Kristenborough, FM 66573",Y,hours
240,Omar Mccoy,093-84-2429,"7260 Lisa Turnpike Suite 111
Sellerstown, FM 99389",Y,hours
241,Trevor Allen,613-40-6198,"80629 Rebecca Gateway
Sheabury, RI 43167",Y,miles
242,Michael Costa,174-23-6327,"759 Lowe Views
South Barbara, ND 41842",N,miles
243,Kimberly Meyer,554-79-8459,"3567 Christian Garden Apt. 889
Lopezshire, OK 94690",N,hours
244,Sarah Thompson,412-32-5873,"785 Jones Parkways Suite 154
Andersenland, MT 80510",Y,hours
245,Lauren Dunn,751-95-9172,"6831 Campbell Cliff
Brandonside, SC 43001",N,hours
246,Jose Walker,780-36-2138,"57385 Mccoy Street Suite 491
West Heatherport, OR 89626",N,miles
247,Vincent Reyes,575-38-1289,"87916 Heather Shoals
West Davidville, NY 04509",N,miles
248,Kenneth Davis,781-35-1123,"640 Matthew Shores Suite 292
Port Jeanne, NJ 42175",Y,hours
249,Brian Garcia,799-92-2377,"937 Drew Bypass
Lake Kendrafort, PR 73004",Y,miles
250,Joshua Oliver,729-71-2731,"9179 Cooper Junction
New Chrisborough, MN 99618",Y,hours
251,Crystal Burton,329-31-7750,"1569 Gibson Burg Suite 127
Rodriguezmouth, MP 78941",N,miles
252,Ricky Bailey,188-86-4207,"1526 Gray Corners Suite 003
Kevinmouth, MI 66653",Y,hours
253,Matthew Stephens,303-18-6264,"0771 Eric Shore Apt. 678
Michaelfurt, VT 79990",Y,miles
254,Joseph Webb,003-58-8901,"80854 Taylor Parkway Apt. 171
Haasville, KS 62620",N,hours
255,Malik Weeks,508-67-9224,"69080 Martinez Keys
South Madisonborough, GA 28153",Y,miles
256,Kathleen Brewer,779-44-2358,"0870 Harris Junction Apt. 958
Dustinport, WI 75046",Y,hours
257,Jeff Peterson,582-76-6005,"878 Howe Mill Apt. 903
Williamport, NE 96582",Y,hours
258,Nicole Juarez,282-64-3737,"054 Chloe Lakes Apt. 008
Lake Courtney, MO 24582",Y,hours
259,Patricia Garcia,581-99-6216,"329 Roger Creek Apt. 575
North Aaronborough, CT 32978",N,miles
260,Kaitlin Davis,516-58-1714,"71015 Rivas Dam
Victoriaside, MN 46435",Y,hours
261,Shane Little,880-60-7175,"995 Sanchez Lodge
North Maryshire, KY 64333",N,hours
262,Mr. Frederick Smith,375-44-7518,"1745 Megan Roads Suite 241
Hannahfurt, PA 52186",Y,hours
263,Christina Mcgee,320-76-3678,"40839 Melissa Glen
New Shawnberg, NC 92282",Y,hours
264,Billy Martin,629-67-3460,"2707 Rich Bypass
Christopherport, WA 92592",N,miles
265,Linda Martin,433-42-3526,"773 Patrick Mountain Suite 984
Baileyland, CT 74561",Y,hours
266,Katrina Ramos,619-64-4692,"001 Andrea Valley Suite 379
Port Lindsey, CT 73021",N,miles
267,Courtney Anderson,720-51-1132,"1556 Jeffrey Plaza
Mcdonaldtown, NV 05566",N,miles
268,James Franklin,424-76-3236,"5924 Monica Tunnel
Jordanland, NY 76478",N,hours
269,Caitlin Grant,471-65-0479,"0704 Jason Hollow
Gatesberg, LA 14633",Y,miles
270,Jonathan Roach,280-26-4565,"6054 Leslie Green Apt. 907
Cliffordtown, UT 26773",Y,hours
271,Justin Singh,736-08-4064,"789 Ian Hills Suite 421
Claudiaview, UT 29388",N,hours
272,Terri Orr,058-62-2608,"707 Scott Inlet
North Elizabethside, UT 12824",N,miles
273,Keith Vargas,622-89-9591,"85918 Roy Landing Apt. 582
Jefferyport, GU 09980",Y,miles
274,Samantha Cummings,524-77-7213,"791 Sherry Ridges
South Jessicaview, AS 61562",Y,hours
275,Kerri Williams,176-18-5378,"355 James Way Apt. 382
Keithland, MA 42377",Y,hours
276,Jeffrey Moore,108-81-0861,"8818 Paul Ports Suite 035
Douglasfurt, VA 58674",N,hours
277,Elizabeth Lewis,103-66-1767,"7247 Evans Loaf Suite 599
Katelynbury, VT 28553",N,miles
278,Julian Martin,313-33-2927,"USNV Rodriguez
FPO AA 45459",N,miles
279,Andrew Villanueva,456-38-3588,"5283 Gregory Village
Port Jeffrey, SD 58731",Y,miles
280,Shannon Smith,813-13-1914,"637 Hamilton Plains Suite 782
Dominguezton, VT 85440",N,hours
281,Ashley Martinez,625-73-8233,"702 Stephanie Mews
Dukeview, GU 34448",Y,miles
282,Amber Gentry,514-40-9728,"555 Henson Mount Apt. 320
South Johnathanfurt, VI 56038",N,hours
283,Alexander Kaufman,656-51-6221,"128 Sharp Ports Apt. 810
New Jaytown, NC 37817",N,miles
284,Joseph Glenn,172-24-9487,"PSC 4823, Box 9908
APO AE 14284",N,miles
285,Craig Gonzalez,365-77-0804,"93629 Parker Field Suite 839
North Kevin, GU 64530",Y,miles
286,Dale Lopez,830-44-8904,"69094 Daniel Islands Apt. 281
South Darrell, NV 07691",Y,hours
287,Scott Aguilar,369-39-4869,"USCGC Pearson
FPO AA 77115",N,hours
288,Maria Miller MD,750-61-1841,"887 Nicole Harbor
South Emilyhaven, AR 67118",N,hours
289,Richard Whitney,386-94-2041,"984 Patrick Springs
Rosetown, LA 55663",N,miles
290,Shawn Robertson,455-47-5122,"9866 Nancy Harbors Suite 077
West Heatherland, TX 84100",N,miles
291,Tyler Meyer,898-86-4382,"784 Heather Via
Brandyfort, IL 83952",Y,miles
292,Chelsea Newton,129-07-5468,"3653 Steve Mills Suite 977
East Julia, MN 21462",Y,hours
293,Fernando Richardson,838-65-4400,"85818 Swanson Locks
Riosmouth, TN 65749",N,miles
294,Jeffrey Rice,288-09-3767,"05557 Love Skyway
Kristinaborough, AK 41251",Y,hours
295,Rebecca Jackson,739-89-0751,"03710 Christopher Harbor
Troytown, MO 25782",Y,miles
296,Alicia Murillo,662-16-8869,"21461 Porter Bridge
Johnfort, MO 85978",Y,miles
297,Jesse Castro,801-66-8350,"3540 Phillip Forest
Garciafort, WA 76198",Y,hours
298,Lisa Townsend,617-89-1516,"0344 Strong Ford
Jimenezville, VI 16575",N,hours
299,Douglas Richardson,103-91-9204,"1200 Dennis Extensions Apt. 675
New Lauriechester, GU 52420",N,miles
300,Alicia Rodriguez,036-75-7706,"Unit 3738 Box 8068
DPO AP 60263",Y,hours
301,Jessica Scott,251-96-7038,"701 Madison Knolls
Andersonfort, NC 12616",N,hours
302,Anthony Werner,461-17-2692,"803 Doyle Court Apt. 275
Port Robintown, KY 14729",N,miles
303,Keith Hernandez,083-57-8215,"562 Michael Forge
East Ryan, HI 07420",Y,hours
304,Calvin Watson,494-86-5893,"6503 Todd Mews Suite 285
East Christine, MN 43029",Y,miles
305,Mr. Jorge Ruiz,570-92-5953,"4300 Palmer Way
Ortiztown, MA 80035",N,hours
306,Jasmine Morgan,823-02-4722,"959 Jeffrey Via
Hollowaychester, PW 03567",N,hours
307,Clayton Newman,709-33-0462,"3537 Ricky Underpass
Port Brian, TX 97271",Y,miles
308,Donna Rodriguez,807-85-9883,"5431 Peter Hollow
Smithchester, WV 93007",N,hours
309,David Vaughn,726-16-8177,"49200 Christopher Lock
North Carolyn, CO 16117",Y,hours
310,Dr. Nathaniel Olson,440-24-8088,"42791 Perez Vista
Lake Steven, OH 64144",Y,hours
311,Jason Robinson,848-80-5369,"60110 Ariel Plaza
Jonathanfort, OK 08034",Y,miles
312,Tanya Ramirez,454-44-1798,"5206 Chapman Extension
Nicholasburgh, WV 36438",N,miles
313,Eric Jones,545-32-3593,"5320 Newton Mall Apt. 524
Glenville, VT 49054",N,hours
314,Christopher Lawrence,351-46-6604,"9076 Brandon Pike
Campbellborough, DE 77158",N,miles
315,Mary Olsen,284-46-8553,"4439 Dunn Underpass Suite 876
Lake Marcusbury, SC 57316",Y,hours
316,Whitney Pena,187-97-2767,"6847 Morrison Mountain Apt. 737
Elizabethview, WA 52339",Y,miles
317,Maria King,619-69-4997,"4917 Hall Street
New Kimberly, ND 81025",N,miles
318,Erica Rogers,486-41-9852,"972 Carter Hills
Lauraberg, CA 50906",N,hours
319,Steven Leon,897-16-1933,"05998 Burton Divide
Rebeccahaven, KY 97028",Y,miles
320,Teresa Garcia,731-06-0170,"24984 Robert Walks Suite 408
Jenniferstad, SC 32314",N,hours
321,Kirk Wilson,028-80-7173,"06048 Matthew Plains
South Annfurt, MT 06054",N,hours
322,Elizabeth Vargas,654-03-5922,"585 Jamie Street Suite 926
New Travis, MA 51757",N,miles
323,Jason Parsons,334-99-6892,"436 Walters Springs Suite 514
Port Terri, WA 42160",N,miles
324,Tanya Anderson,729-68-9761,"82012 Sherry Avenue Apt. 135
South Kimberlystad, GU 10933",N,hours
325,Michael Smith,852-81-1071,"8732 Alvarez Summit
Bullocktown, MN 02293",Y,miles
326,Virginia Greene,337-04-0141,"7049 Jonathan Street
North Natalie, GU 98478",Y,miles
327,Andrea Johnson,299-42-7304,"PSC 1397, Box 5595
APO AA 07796",Y,hours
328,Mark Knight,102-30-6420,"072 Rita Hollow Apt. 374
Bradleyberg, NE 35557",Y,miles
329,Timothy Mcdonald,741-60-6060,"8704 Kennedy Lock
Port Michellebury, ND 59739",Y,hours
330,Andrea Cooper,233-45-1697,"44608 Myers Drive
North Tracyport, WY 11753",Y,miles
331,Jeremy Logan,838-60-6857,"724 Stewart Coves Suite 210
Matthewfort, FL 46404",N,hours
332,Charles Williams,584-57-3669,"17614 Michael Prairie Apt. 260
South Cassidybury, IN 97828",N,miles
333,Felicia Davis,896-46-6390,"69939 Christina Courts Apt. 789
Markburgh, NV 84102",N,miles
334,Christopher Ramirez,215-18-8147,"Unit 6963 Box 0864
DPO AP 93761",Y,miles
335,Lisa Lyons,029-85-8909,"436 Kristen Station Suite 885
West Kristyside, VT 38456",Y,miles
336,Robert Butler,715-82-6301,"Unit 9130 Box 4989
DPO AA 07244",Y,hours
337,Scott Lawrence,440-36-5259,"8628 Connie Land
North Bradley, HI 83099",N,hours
338,Holly Turner,725-47-9857,"72746 White Landing
East Thomasfort, UT 96410",Y,hours
339,Thomas Robinson,074-67-3472,"2262 Lynch Crest
Port Thomas, SD 20331",Y,miles
340,Alice Oconnell,680-27-2879,"38059 Michael Shore Suite 625
Cartermouth, IL 29995",Y,hours
341,Elizabeth Lane,261-41-7643,"000 Hernandez Canyon Suite 795
Shawnamouth, NV 50670",Y,miles
342,Casey Robbins,863-87-4349,"294 Barnes Drive Apt. 594
Lake Tyler, SC 72119",Y,hours
343,Elizabeth Jones,386-06-1216,"87311 Patricia Trafficway
Johnsonberg, MA 90594",Y,miles
344,Ashley Rodriguez,878-86-1293,"181 Bright Overpass
Laurenview, NE 48619",N,miles
345,Mark Lowery,887-63-4545,"1813 Tammy Flats Suite 087
Lake Ryanview, KS 50576",Y,miles
346,John Walker,481-66-2604,"6262 Justin Throughway
Lesliestad, NJ 57023",N,miles
347,Eric Martin,738-15-0079,"3289 Olson Summit
Perezchester, MO 10582",N,hours
348,Chad Murphy,057-39-7945,"PSC 7190, Box 0390
APO AE 44844",Y,miles
349,David Moore,274-12-9271,"78197 May Walks
Nelsonside, OH 75531",Y,hours
350,Eric Torres,124-45-2195,"00414 Jessica Island Suite 092
East Zachary, WI 82486",Y,hours
351,Anthony Patterson MD,873-06-4560,"25519 Preston Motorway
South Crystal, TX 28988",Y,miles
352,Christine White,664-29-2703,"909 Jonathan Cliffs
North Traceyberg, TX 99169",Y,hours
353,Joshua David,128-14-1229,"057 John Mill Apt. 692
Lake Donna, NC 15534",N,miles
354,Jeff Woodward,729-09-2238,"USCGC Mclean
FPO AA 25478",N,miles
355,James Rogers,091-91-8409,"17076 Shane Parkway Apt. 628
North Steven, RI 06661",Y,miles
356,Christina Rivera,021-07-2497,"40268 Nicole Isle
East Jared, IN 06374",N,hours
357,Amanda Macias,461-34-9936,"134 Randy Freeway Suite 793
South Amyberg, TN 47436",Y,hours
358,James Morales,855-61-6819,"1463 Garza Estate
Stephenberg, MS 70741",N,hours
359,Nichole James,225-42-9352,"9132 Johnston Inlet
Pattersonbury, AR 77581",Y,hours
360,Bernard Wolfe,718-48-6714,"24798 Gomez Springs
East Heathermouth, NY 36237",Y,miles
361,Jason Cordova,841-77-1579,"414 Charles Lane Apt. 615
Dennisberg, UT 03818",Y,hours
362,Alex Monroe,021-02-6658,"8055 Allison Plain
Nelsonchester, FL 35984",N,hours
363,Molly Long,032-17-7103,"602 Kirk Lake Apt. 992
North Nicolefurt, MD 85660",Y,miles
364,Keith Garcia,339-76-1601,"Unit 2490 Box 2191
DPO AP 52128",Y,hours
365,Katie Graves,463-79-0027,"936 Lisa Mews
Lake Christinaberg, ND 23233",Y,hours
366,Michelle Mills,603-64-8877,"972 Dickerson Pines Apt. 876
South Daniel, WA 83673",N,hours
367,Michelle Smith,214-88-8254,"47215 Kristin Underpass Apt. 920
South Lisa, CA 36066",N,miles
368,Jason Rodriguez,870-18-5055,"53466 Brianna Drives
West Valerie, NV 26310",Y,hours
369,Ryan Gilmore,381-37-0927,"6338 Richards Bypass Suite 404
Robertview, NY 06152",N,miles
370,Ryan Williams,893-51-8154,"8069 Krueger Pines
Williamland, ND 89590",Y,hours
371,Darren Garcia,850-10-0524,"3589 Steele Extensions
Meghanville, WV 10544",Y,hours
372,John Martin,589-51-4878,"6847 Frank Plain
North Gregoryburgh, NJ 30511",Y,hours
373,Sara Miranda,160-43-6475,"89992 Amanda Dale
Adambury, MI 32259",N,miles
374,Martin Marquez,540-53-6214,"USCGC Martinez
FPO AE 80736",Y,miles
375,Cynthia Walker,525-42-3293,"2189 Scott Vista Suite 055
Thomasstad, ND 02371",Y,miles
376,Leslie James,238-55-8718,"7456 Haley Causeway
Ronaldborough, PW 87807",N,miles
377,Sarah Huerta,202-35-2013,"375 Morales Islands
East Brendastad, VT 58325",N,hours
378,Stephanie Marshall,827-03-7090,"6263 Michael Street
North Johnberg, AS 91256",N,miles
379,Matthew Baker,522-07-8601,"762 Samuel Port
Nobleville, AR 43699",Y,miles
380,Daniel Schaefer,205-50-1176,"30556 Deborah Skyway Apt. 683
South Michael, MS 27193",N,miles
381,William Allen,656-10-1278,"55998 Troy Harbors
Port Michelle, CT 96596",Y,hours
382,Michael Harper,309-13-6618,"39917 Juan Prairie
Kyleville, AR 37428",N,miles
383,Anna Lewis,445-94-3505,"220 Buckley Light Suite 189
Rebeccahaven, MA 18061",N,hours
384,Kenneth Thornton,889-37-1557,"69930 Joyce Court Apt. 330
Townsendchester, MN 01986",Y,hours
385,Kimberly Murphy,445-74-0382,"766 Jason Extensions
Nguyenstad, VT 07371",N,miles
386,Ashley Jones MD,706-57-2150,"USNV Hayes
FPO AP 72501",Y,miles
387,Vanessa Moore,098-60-3695,"Unit 5928 Box 3197
DPO AP 13678",Y,hours
388,Carla Smith,002-27-0635,"2239 Mark Stream Suite 249
Port Kevinfort, PA 18233",N,miles
389,Michael Wang,384-40-3397,"60924 Melissa Ways
Heatherberg, PA 96649",N,miles
390,Betty Walton,066-26-5658,"6713 Coleman Hollow
Gonzalezhaven, GU 34394",Y,hours
391,Jeffrey Hall,524-47-0849,"5413 Jones Oval Suite 691
Port Stephanie, CO 54369",Y,hours
392,Nicholas Cochran,472-17-9800,"754 Shelly Corner Suite 416
Corybury, CT 42667",Y,miles
393,Garrett Stone,146-29-1211,"19624 Miller Forks Apt. 861
Bookerside, OH 30719",N,miles
394,Ryan Rodriguez,149-10-1174,"90757 Victoria Crossroad
Michaelhaven, FM 87453",N,hours
395,James Woods,724-80-4653,"44377 Walker Glen Suite 599
Loriside, CO 80496",Y,miles
396,Kaitlyn Kelley,410-95-0920,"PSC 9482, Box 8548
APO AE 41340",N,hours
397,Kyle Hall,425-79-6607,"721 Louis Burgs
Keithburgh, MS 90884",N,miles
398,Shannon Poole,127-65-6142,"8437 Henderson Gardens
Kaylaberg, TN 69666",Y,miles
399,Heather Clark,394-24-6874,"497 Kimberly Rapids
Port Rodney, TN 21477",Y,hours
400,Melissa Alvarado,242-16-7637,"50348 Michael Rapid
Heidiberg, WV 69076",Y,miles
401,Amber Hernandez,445-53-1511,"Unit 6079 Box 2517
DPO AP 32747",Y,hours
402,Christopher Davidson,310-14-6035,"92367 Henderson Harbors Suite 841
West Mauricechester, SC 07535",Y,miles
403,Christina Boyle,148-14-0661,"54827 Robin Route Suite 040
Christophertown, WV 82697",N,hours
404,Kaitlyn Todd,294-60-1881,"698 Elizabeth Flat Apt. 823
Port Samanthafurt, MN 85333",Y,miles
405,Jenna Williams,466-46-3861,"1275 White Mission
East Marissa, KY 13779",N,miles
406,Kimberly Smith,416-44-7165,"USNV Jenkins
FPO AA 23826",N,hours
407,Ryan Copeland,580-40-5266,"6609 Brown Shoal Apt. 635
North Michelleport, MO 65143",N,miles
408,Amy Ellis,209-33-3569,"366 Brian Trail
Macdonaldshire, CT 22673",Y,hours
409,Jessica Martinez,280-64-7572,"807 Flores Club
East Alexandra, AZ 47504",N,miles
410,Mr. Terry Nichols,502-81-8027,"2827 Robert Flats Apt. 513
West Prestonland, NE 36550",Y,hours
411,Rebecca Molina,778-54-9156,"287 Salazar Road Apt. 934
West Alexander, MD 79829",Y,miles
412,Amanda Welch,195-24-4062,"03798 Lopez Throughway Suite 590
South Bobbymouth, NH 80906",Y,hours
413,Wanda Mcdaniel,337-53-8859,"202 Jessica Mount
West Carrie, WY 33718",N,hours
414,Brenda Hull,827-10-7529,"6807 Natalie Ville
Lake Courtney, NH 66690",N,hours
415,Angela Chambers,741-18-0719,"0509 Allen Forge Apt. 293
Francofort, NJ 64599",N,hours
416,Andrew Rojas,084-23-0085,"71566 Ramos Lodge Apt. 528
Margaretchester, TN 78821",N,miles
417,Jessica Vang,415-56-4357,"6956 Ortiz Mews
East Tammyfort, LA 00642",Y,miles
418,Samantha Johnson,852-48-2486,"84455 Eric Mill Apt. 246
New Margaret, VA 06271",Y,hours
419,Richard Lyons,647-69-2488,"USCGC Hull
FPO AP 24669",Y,miles
420,Angela Johnson,761-44-0920,"83671 Jones Radial Apt. 738
Allenfurt, GA 76303",Y,hours
421,Jamie Alvarez,143-60-3088,"333 Sabrina Streets
South Catherineburgh, IA 23967",Y,hours
422,Chad Johnson,601-85-6366,"907 Summers Underpass Suite 466
Kevinton, AS 14183",N,miles
423,Peter Shaffer,452-12-6216,"6784 Burgess Walks
Davidchester, VI 56980",N,miles
424,Jessica Reynolds,384-07-3067,"24245 Gonzalez Land
Nathantown, IN 34854",Y,miles
425,Justin Hodge,153-97-8906,"0627 Vicki Ports Apt. 691
Smithport, AS 18878",N,miles
426,John Jones,317-96-0221,"4121 Deborah Green Suite 146
Karenmouth, NH 51962",Y,miles
427,Johnathan Moore,314-97-3103,"666 Garcia Track
Sarahside, NY 45506",Y,miles
428,Amanda Carr,470-30-7749,"68374 Cruz Spur Suite 624
Wrightstad, MP 18521",Y,hours
429,Brian Cervantes,705-63-7395,"842 Javier Fort Apt. 586
Hannahville, NY 76461",N,hours
430,Courtney Stewart,718-46-3826,"6339 Jeremy Summit Suite 641
Lake Coreyside, NV 11422",Y,hours
431,Alicia Graham,193-53-1107,"6111 Cook Landing
West Brenda, AR 13840",Y,miles
432,Justin Martinez,183-20-3110,"6279 Blake Square
Weeksmouth, LA 95478",Y,hours
433,Joshua Sanders,569-46-9935,"5755 Martinez Corners
Christopherstad, PW 82155",Y,miles
434,Gregory Baker,589-08-7128,"8182 Miller Fall
South Jamieton, SD 50873",N,hours
435,Brett Rodriguez,092-63-3782,"878 Sarah Fords
Moralesmouth, OK 68081",Y,miles
436,Charles Roth,039-88-4736,"613 Yoder Mountain
Georgehaven, WA 96370",N,miles
437,Michael Abbott,545-65-1337,"5893 Susan Rest
Brandyfurt, MO 70398",N,hours
438,Christopher Ramsey,353-93-6694,"6994 Sanchez Rest
Port Nicole, NJ 16330",Y,miles
439,Amanda Sanchez,204-80-2247,"922 Brown Rapid Suite 919
Wheelerside, VI 13126",N,hours
440,Lindsey Acevedo,684-83-9277,"13455 Diane Point Apt. 161
Robertsfurt, MO 93071",N,miles
441,Maria George,653-74-9108,"457 Casey Falls
Trantown, FM 76541",N,miles
442,Joseph White,827-06-5569,"1768 Nixon Stream Apt. 132
West Patrick, NJ 42349",Y,miles
443,Jennifer Mcgee,567-78-0748,"55602 Steven Lakes
East Justin, IA 10288",N,hours
444,Mary Rubio,691-17-3148,"1174 Foley Gateway Apt. 849
Mirandaville, NJ 82787",N,hours
445,Gregory Johnson,643-40-1232,"28664 Myers Canyon
East Scott, PW 39876",N,miles
446,Kara Stevenson,430-58-4275,"093 Jones Station
Johnport, WI 64734",Y,miles
447,Nathan Vaughn,267-49-9828,"299 Perry Views Apt. 491
Port Donaldborough, AK 68512",Y,miles
448,Kathleen Dunn,655-54-0373,"4201 Thompson Common Apt. 694
Andrewstad, MO 04139",Y,miles
449,William Chambers,194-58-0364,"484 Baird Mews Suite 827
Matthewport, VI 70935",N,miles
450,Shane Stewart,194-88-3317,"806 Hill Meadow Suite 935
Lake Patriciafurt, NV 69462",N,miles
451,Jason Cowan,788-83-3986,"26030 Sara Fork
Carrieborough, KS 68562",Y,miles
452,Daniel Adkins,271-81-7166,"96059 Mcdaniel Drive Apt. 272
Lake Melissa, NV 40039",N,miles
453,Stephanie Fox,505-37-4468,"Unit 0030 Box 1926
DPO AP 76234",Y,hours
454,Kathy Sawyer,708-41-3176,"01324 Mann Throughway
Parksberg, FM 93914",Y,hours
455,Micheal Hamilton DDS,050-29-2170,"6762 Patrick Ranch Suite 134
Millerbury, MH 32456",Y,miles
456,Dale Lee,833-83-4722,"58586 Davis Hills
Jacquelineside, MP 87972",Y,miles
457,Jeffrey Padilla,759-23-0883,"0262 Anderson Mill Apt. 926
Lake Allison, MH 08510",Y,hours
458,Lauren White,293-21-6495,"524 Baker Highway Suite 735
Lake Rachelport, WV 27467",N,miles
459,Daniel Patel,442-54-2723,"27953 Veronica Forges
Monicamouth, ND 45121",N,miles
460,Matthew Harvey,668-83-2686,"USCGC Schneider
FPO AE 13061",Y,hours
461,John Marshall,040-67-9180,"USCGC Holmes
FPO AP 70307",Y,hours
462,Katherine Alexander,177-30-4694,"2376 Barnes Plaza
Lindsaystad, MD 34075",Y,hours
463,Michael Thompson,578-40-7599,"251 Brock Square Suite 382
Clarkside, MO 67982",N,hours
464,Troy Garcia,294-65-6899,"5157 Cole Meadows
Johnfurt, DE 07022",Y,miles
465,Harold Lloyd,385-50-2675,"2713 Rodriguez Radial
West Gregoryton, MI 37419",Y,miles
466,Connie Davis,028-10-9357,"73671 Russell Via Apt. 740
Hayesberg, MS 48956",N,miles
467,Melissa Williams,683-13-4264,"31624 Deanna Freeway
Christophertown, PA 89823",N,hours
468,William Love,461-01-3771,"815 Robert Trail Apt. 763
Samuelfort, MN 87487",N,hours
469,Scott Boyd,843-25-9767,"029 Kristina Plains
New Laura, IA 42414",N,hours
470,Rhonda Walker,738-98-3786,"6306 Theresa Ville
Kellyland, GU 44288",N,miles
471,Raymond Gross,002-31-4369,"4169 Jay Rapid Apt. 634
Orrfurt, IA 50466",N,miles
472,Eric Dunn,657-48-8353,"42489 Keith Ports
Antonioburgh, OR 57307",Y,miles
473,Donald Cervantes,873-83-2327,"096 Jason Ports
East Erika, UT 67072",N,hours
474,Brian Hunter,578-05-7064,"USCGC Norton
FPO AA 68968",Y,hours
475,Laura Anderson,210-39-7316,"786 Curtis Parkways Suite 300
Nicholaston, MA 39451",Y,miles
476,Tony Mcknight,345-35-1453,"85461 Connie Pine Apt. 339
North Anthonybury, CO 39055",Y,hours
477,Donna Diaz,756-03-7176,"PSC 1767, Box 7676
APO AP 10672",Y,hours
478,Lawrence Torres,344-52-8725,"USNS Burgess
FPO AP 51409",N,hours
479,Brian Burton,248-43-3221,"547 Mckinney Green
East James, ME 30670",Y,miles
480,Gary Miller,131-47-1293,"63391 Lynch Harbors
North Virginiatown, MH 56798",Y,hours
481,Marissa Brown,629-57-5389,"54904 Donna Land Suite 233
East Amy, PR 05026",Y,hours
482,Aaron Bartlett,606-98-4010,"983 Simmons Knolls Apt. 932
West Alexanderchester, NM 49832",Y,miles
483,Lauren Martin,671-17-0634,"154 Sean Light
Jonesstad, NE 09445",Y,hours
484,Deborah Alexander,009-23-5740,"762 Kenneth Mill Suite 127
Frankfort, FL 13219",N,miles
485,Susan Martinez,827-50-8192,"10041 Tyler Greens Suite 694
Underwoodside, FM 51080",Y,miles
486,Jennifer White,801-69-7041,"189 Reid Ports
New Roberthaven, PR 86487",Y,hours
487,Matthew Osborne,888-26-9470,"PSC 2694, Box 0663
APO AP 96624",N,hours
488,Charles Crawford,220-43-0785,"683 Michael Stream
Thomasmouth, MO 49577",N,miles
489,Stacey Davis,854-22-0895,"59474 Matthew Estate
Anthonyton, MH 34682",Y,hours
490,Thomas Aguilar,673-09-2993,"65400 Richard Spurs
Port Charles, SD 92941",N,miles
491,Gordon Hines,318-39-2405,"36693 Kayla Track Apt. 652
Robertbury, MI 78100",Y,miles
492,Carlos Miller,023-59-0009,"9845 Molly Extension
Johnstad, WI 83523",Y,miles
493,Angela Hahn,738-94-5340,"982 Audrey Ramp Suite 989
Fernandezstad, NY 96249",N,miles
494,Scott Ochoa Jr.,092-40-1791,"62839 Hayes Mission Suite 000
West Michael, MO 55549",Y,hours
495,Joseph Allen,366-97-0961,"1304 Jordan Islands
Arnoldville, TX 11461",Y,miles
496,Amy Perry,047-58-4308,"82413 Diaz Light
Cruzfurt, OH 48324",Y,hours
497,Jennifer Clements,823-28-8210,"0380 Sarah Place
Charlesmouth, VT 83411",N,miles
498,Madison Crosby,221-39-3208,"57773 Stephanie Locks
Ianville, MA 06702",N,miles
499,Teresa Morales,277-68-3618,"12751 Cathy Dam Apt. 232
Williammouth, HI 10252",N,hours
500,Marc Stevens,816-34-9519,"4081 Mitchell Manors Apt. 686
Teresaberg, MN 83293",N,miles
501,Jack Hensley,601-12-1857,"178 Joshua Manors
West Monicaside, IN 99798",N,hours
502,Eric Goodman,461-73-3848,"41311 Kaitlyn Land Suite 964
New Aaron, MP 47326",N,miles
503,Jacob Schwartz,017-27-5444,"91891 Andre Trafficway Suite 210
Monicaland, PR 73280",Y,miles
504,Mrs. Nicole Boyd,303-34-0709,"167 Friedman Junctions
North Luismouth, MD 54867",N,miles
505,Adrian Rogers,223-42-0855,"180 Samuel Loaf
New David, AL 93540",N,miles
506,Ellen Moore,624-93-2668,"851 Rickey Throughway Suite 885
Lauriebury, MH 37257",Y,hours
507,Monica Lambert,209-65-9694,"14062 Bell Knoll
Millermouth, NE 42657",Y,hours
508,Tracy Jones,081-33-7639,"102 Christina Union
South Rachelport, OH 95001",Y,hours
509,Alejandro Jefferson,897-56-2587,"8667 Blackwell Locks Apt. 014
Port Julie, MA 39984",Y,hours
510,Kayla Herring,585-70-5886,"853 Madison Courts
Christopherfurt, FM 48773",Y,hours
511,Bryce Jordan,408-09-0846,"257 Wilson Creek Apt. 160
Blakeland, WV 91887",Y,miles
512,Anne Burns,737-19-7731,"361 Hill Roads Apt. 963
Tuckerstad, NY 48399",N,miles
513,Sophia Swanson,750-56-8528,"9453 Howard Plaza
Suzannemouth, KY 40626",Y,miles
514,Rachel Green MD,634-58-7681,"USCGC Ramirez
FPO AP 66714",Y,hours
515,Nicholas Hernandez,297-65-5807,"PSC 8585, Box 9061
APO AP 93084",Y,miles
516,Wayne Tapia,529-36-8107,"27166 Ryan Village Apt. 318
Dicksonbury, TX 11288",Y,hours
517,Jose Ayala,435-51-0023,"1037 Daniels Points
South Joseph, CT 55028",N,hours
518,Anita Miller,352-88-1444,"769 Bolton Spring Suite 644
Christopherview, WV 92797",Y,hours
519,Renee Rose,868-51-1137,"26205 Mckenzie Harbors
Austinville, IL 64428",N,hours
520,Colleen Brown,461-80-1619,"73361 Wilson Mission
Lake Davidtown, WA 99420",N,hours
521,Marie Dillon,602-37-0354,"2744 Valentine Haven Apt. 980
Lake Kimberlyville, WI 75171",N,hours
522,Heather Fox DDS,552-47-0112,"96103 Robert Grove
Fordville, PW 18496",Y,miles
523,Elizabeth Young,888-89-2489,"3082 Matthew Bypass Apt. 964
South Julianstad, GU 15840",N,hours
524,Michael Johnston,443-97-2486,"40735 Berry Valley
Sosaview, CA 11237",Y,hours
525,David Kennedy,699-36-9157,"459 Campbell Manors Apt. 967
South Mary, PR 65853",N,hours
526,Hailey Dominguez,300-23-0761,"94425 Riggs Fields
Randystad, RI 03180",Y,miles
527,Megan Shannon,474-89-3849,"03946 Santos Prairie
Fisherberg, HI 55636",Y,hours
528,Eric Walker MD,889-77-7430,"10262 Cannon Summit Suite 804
North Steve, LA 35499",Y,miles
529,Travis Hickman,052-69-1250,"1889 Alex Station
Lake Davidborough, NJ 55783",N,miles
530,Derek Harvey,616-59-7103,"14466 Tran Extension Apt. 701
East Johnport, IL 97716",Y,hours
531,James Jones,872-17-8349,"Unit 5089 Box 8024
DPO AP 84198",N,miles
532,Isaiah Pitts,045-48-3360,"PSC 8715, Box 0683
APO AP 20420",N,miles
533,Linda Davis,384-27-5291,"836 Lee Lane Apt. 809
Ashleymouth, PW 44576",Y,miles
534,James Christian,396-62-8892,"8679 Hays Skyway Suite 599
Bridgesport, AS 36778",Y,miles
535,Allison Davies,647-02-8662,"895 Ryan Burgs Suite 101
Allisonburgh, ME 29275",N,miles
536,Robert Andersen,487-50-2116,"PSC 7524, Box 4086
APO AP 85764",N,miles
537,Matthew Contreras,343-15-6821,"880 Lambert Stravenue
Port Michaelburgh, ID 29653",Y,hours
538,Steven Frank,678-35-8468,"741 Michael Fork Apt. 634
East Oscarfort, PA 44708",N,hours
539,Janet Burke,231-61-0912,"PSC 1539, Box 3684
APO AP 10223",Y,hours
540,Alexandria Robbins,585-44-3998,"97280 Stark Tunnel
Robertview, SD 52115",N,miles
541,Lauren Cherry,814-91-6074,"249 Peters Cape Suite 929
Lake Jeremy, NM 67218",Y,hours
542,Gloria Davis,877-56-9979,"5108 Johnson Mountain Apt. 274
New Tinafurt, NJ 40197",Y,miles
543,Susan Gibson,477-63-4570,"6656 Andrea Junction
Jasonside, VI 97422",N,hours
544,Stephen Thomas,215-06-0578,"57573 Colleen Causeway Suite 386
New Michaelville, NV 43055",N,miles
545,Johnny White,141-92-6853,"731 Kline Islands Suite 427
East Pamela, LA 59901",Y,hours
546,John Parker,378-11-2711,"9190 Rodriguez Lodge Suite 349
Sanchezhaven, FL 13643",N,hours
547,Maria Moore,144-78-0808,"PSC 1140, Box 6009
APO AE 33500",N,hours
548,Theresa Gibbs,149-53-7724,"42400 Sharon Gateway
Jonathanshire, VA 07999",N,hours
549,John Stewart,108-08-6520,"391 Mcclure Viaduct
Michaelville, NY 26531",N,miles
550,Anthony Jensen,806-99-1822,"3335 Dylan Street Suite 634
North Linda, VA 06728",N,hours
551,Morgan Oconnor,646-97-9370,"746 Phillips Valley Suite 169
Stevenstad, AL 67586",Y,miles
552,Thomas Copeland,621-12-3126,"642 Randy Meadows
Moorestad, MI 16056",N,hours
553,Bryan King,283-47-5127,"1821 Stokes Shores
North Ericland, AK 70895",Y,hours
554,Mandy Scott,627-15-8016,"29762 Boyle Via Suite 465
Dixonberg, WA 67209",Y,hours
555,Alexander Baker,805-37-6804,"543 Koch Tunnel Apt. 914
East Benjamin, DC 50466",N,hours
556,Sharon Soto,273-77-1034,"93422 Sanders Common
Maryview, GU 55225",N,miles
557,Aaron Roach,527-32-1803,"3518 Bradley Fort Suite 934
East Richard, IA 41596",N,hours
558,Taylor Powell,204-74-4186,"09582 Andrea Manors Apt. 445
Blackbury, PA 59921",N,hours
559,Matthew Flores,869-97-3119,"8249 Snyder Villages Apt. 074
Port Brandonstad, IA 73794",Y,miles
560,Kari Morales,362-69-5468,"4030 Leon Station
Port Sheilaport, FL 43927",N,miles
561,Zachary Brown,788-54-7540,"7529 Lloyd Fall
Brianchester, LA 48532",N,miles
562,Debbie Webb,743-87-0070,"258 Linda Loop
New Rebeccachester, MI 20471",N,miles
563,Joseph Mahoney,022-45-7236,"Unit 3863 Box 3963
DPO AP 07965",Y,miles
564,Paul Wall,605-82-4195,"4903 Davis Squares
North Michael, ND 04264",Y,miles
565,Tyler Schultz,219-67-8583,"3298 Pineda Via Suite 841
New Matthew, TN 29795",N,hours
566,David Rodriguez,247-82-6390,"PSC 5550, Box 7390
APO AP 24186",N,hours
567,Brittany Dorsey,312-22-9207,"385 Sarah Motorway
Port Johntown, TN 01341",N,hours
568,Dean Boyer,161-50-4731,"PSC 4010, Box 0876
APO AP 71758",N,hours
569,Victoria Page,008-06-0222,"466 Marsh Rest Suite 250
Lake Bryan, CA 89184",N,miles
570,Taylor Lang,645-19-9646,"676 Alexander Pass Apt. 648
Anthonybury, IA 76596",Y,miles
571,Paula Davis,807-22-9296,"2815 Jennifer Passage Suite 369
North Charlesburgh, OR 48865",N,miles
572,Lance Tucker,880-37-0006,"9106 Wilson Way
East Heather, PW 12742",Y,hours
573,Kelly Alexander,538-17-1818,"159 Jackson Divide Suite 305
New Katie, MD 32100",N,miles
574,Jordan Gonzalez,285-45-3269,"77733 Cohen Parkways Suite 441
Lake Jeffrey, AL 62604",Y,miles
575,Kristin Chambers,867-57-4311,"PSC 3136, Box 7269
APO AE 51128",Y,hours
576,Benjamin Sanchez,341-31-2856,"076 Peters Lodge
West Annfort, SC 02115",Y,hours
577,John Cook,213-17-1407,"3260 Tyler Vista
Williamsville, MO 53329",N,miles
578,Brian Benton,276-57-7660,"USS Williamson
FPO AE 22613",N,hours
579,Charles Smith,265-26-2917,"43542 Audrey Pine
Cherrymouth, AS 37203",N,hours
580,Brittany Johnson,021-22-7048,"41905 Timothy Square Suite 989
Berryland, NM 45484",N,hours
581,Veronica Arias,821-03-8415,"76784 Young Valleys
Graymouth, MI 58154",Y,hours
582,Neil Thomas,168-30-5147,"303 Manning Springs Apt. 759
Jaimebury, AZ 64045",Y,hours
583,Cody Mendez,408-02-6036,"3957 Amy Pass
South Davidfort, MA 06288",Y,miles
584,Hannah Reed,331-82-8232,"87627 Hill Flats
Nicolefurt, AK 53374",N,hours
585,Michael House,361-32-1240,"88228 Matthew Mountains Apt. 999
North Chasechester, LA 62658",Y,hours
586,Robert Pearson,271-68-0117,"57870 Ryan Freeway Apt. 104
Kevinstad, VI 83714",N,hours
587,Mr. Bobby Blankenship,525-65-0342,"16344 Reid Ridges Apt. 706
New Jessica, RI 24704",Y,hours
588,Brandi Bates,217-23-6466,"402 Joseph Flat Suite 561
South Kayla, SD 87918",Y,hours
589,Daniel Davis,897-47-7346,"751 Dakota Hill Suite 315
South Geraldfort, TX 40667",N,miles
590,Garrett Davis,839-24-6395,"9602 Karen Forges
South Rileyburgh, NH 99792",Y,hours
591,Ashley Shaw,462-10-5439,"247 Foster Well Apt. 944
New Melissatown, TX 91031",N,hours
592,Damon Hopkins,897-81-8021,"289 Summers Mountain Suite 838
Brianton, MD 43513",Y,hours
593,Natalie White,116-92-3409,"49062 Alex Rapids Apt. 953
Mcgeeville, VI 15724",Y,hours
594,Andrew Shelton,193-46-3770,"9177 Smith Highway Suite 893
South Sharon, NV 98449",Y,hours
595,Timothy Rogers,211-98-0358,"11580 Lester Road
Lake Michael, IN 96840",N,hours
596,Valerie Potter,176-81-3046,"79649 Garcia Stravenue Suite 939
East Sandra, OK 48676",N,miles
597,Jessica Snyder,015-53-9060,"654 Shannon Plain Suite 439
South Michaelton, KS 35490",N,miles
598,Richard Wallace,109-25-4598,"937 Gabriel Viaduct
Chavezmouth, ND 56121",N,miles
599,Amanda Matthews,246-51-4599,"46551 Jessica Brook Apt. 801
Kingville, HI 07156",Y,hours
600,Christine Chapman,400-92-0057,"61596 Murray Points
Lake Emilyshire, ID 70451",N,miles
601,Angela Robinson,632-49-4588,"5840 King Circle Suite 837
Hernandezfort, NH 05268",N,hours
602,Makayla Russell,091-36-4342,"20863 Johnson Passage Suite 666
Beckyshire, AS 67135",N,hours
603,Daniel Hall,358-23-4054,"217 Hansen Forges
Valenciaville, NJ 59369",N,hours
604,Ms. Lisa Cook,877-31-4976,"2646 Campbell Wells Apt. 222
Morrisonburgh, DC 55541",Y,hours
605,Andrew Jackson,606-26-2005,"86845 Katherine Stream Apt. 670
Ewinghaven, UT 70485",N,miles
606,Joseph Castro,361-16-9475,"5496 Hudson Mission Apt. 079
Scottbury, KS 85855",Y,miles
607,Darlene Rogers,554-72-7280,"67355 Combs Islands
North Colleen, ND 78814",N,miles
608,Frederick Brown,332-85-0898,"2571 George Estate Apt. 041
South Louisville, MP 62102",Y,miles
609,Charles Gilbert,555-02-6757,"170 Landry Islands
Reyesmouth, OH 03487",N,hours
610,Stephanie Pearson,899-61-0569,"885 Rachel River Suite 220
Lake Aprilview, WY 80186",Y,hours
611,Antonio Blankenship,896-57-2763,"7422 Michael Bypass Suite 871
Alexanderhaven, NV 52593",Y,miles
612,Tina Williams,858-36-8949,"22049 Jessica Summit Suite 083
Danielville, PA 91466",Y,miles
613,Kathryn Roberts,622-99-0870,"5513 Collier Shore Suite 493
West Brianmouth, FM 76502",Y,hours
614,Wesley Wright,326-08-0483,"PSC 7179, Box 4189
APO AE 62901",Y,hours
615,John Martin,851-60-8407,"4400 Brandon Mill Apt. 792
Jimmychester, RI 43496",Y,hours
616,Angela Shepherd,633-67-8592,"0441 Alexis Springs
New Michaelton, MT 34790",Y,hours
617,Joshua Carlson,461-26-1433,"490 White Centers Suite 999
Copelandstad, UT 04870",N,hours
618,Chelsea Lawson,233-15-4793,"33477 Payne Pike Apt. 790
North Wayne, MS 11069",Y,miles
619,Zachary Alvarado,877-52-4591,"8925 Andrew Lodge Apt. 647
Muellerchester, FL 07504",Y,hours
620,James Key,271-42-6204,"0981 Blake Mission Apt. 164
Garciafort, GA 50200",N,hours
621,Meghan Byrd,107-19-9492,"029 Gibbs Land Apt. 726
Espinozaborough, ME 36066",N,miles
622,Tyler Reeves,843-91-4262,"253 Bender Crossing Suite 600
East Jonathanhaven, KS 64808",N,hours
623,Stephanie Avery,402-92-9551,"90463 Collins Alley
Lake Danielle, NH 17902",N,hours
624,Kaitlin Mills,523-34-2882,"3510 Green Motorway Suite 895
Thomaston, AK 15236",N,hours
625,Gloria Young,065-15-2962,"0804 Clark Key Apt. 534
Port Laurafort, NJ 34849",N,hours
626,Jennifer Walters,101-50-2966,"7862 Garcia Manors
South Julie, IA 24240",N,hours
627,Sandra Fox,177-67-6872,"02102 Donovan Roads
Port Erikafurt, RI 63505",Y,hours
628,David Parker,481-87-8874,"USS Wong
FPO AP 09399",Y,miles
629,Jeffrey Robinson,851-85-7468,"510 Cooper Parkways Suite 887
South Ashley, SC 53564",N,hours
630,Chelsea Kirby,349-21-1547,"151 Love Springs Apt. 870
Lake Brookeside, VA 34102",N,hours
631,Nicole Rose,413-84-6084,"67610 Allen Fields Apt. 720
East Jenniferton, FL 61082",Y,hours
632,Andrew King,120-07-5204,"Unit 4265 Box 3260
DPO AA 89089",Y,miles
633,Derrick Stafford,440-15-1335,"207 Rachel Valley
Kingfort, NM 46540",N,hours
634,Kelly Sanchez,090-57-8195,"PSC 3001, Box 0297
APO AP 35640",N,hours
635,Jerry Casey,171-56-0587,"18652 Brown Lane
Kimstad, SC 20248",N,hours
636,Jay Morris,334-92-2980,"7017 Mendez Square
Wayneberg, OR 11567",Y,hours
637,Tyrone Reynolds,670-52-9498,"PSC 6555, Box 6059
APO AE 51141",N,hours
638,Christine Terrell,105-05-2931,"USNS Pittman
FPO AA 41783",N,miles
639,Travis Watkins,430-97-6085,"941 Phillips Turnpike
Kimberlyborough, MS 77544",Y,miles
640,Ryan Hamilton,304-37-0556,"261 Potter Glens
East Jameschester, HI 26862",N,hours
641,Jacob Anderson,818-91-8005,"87382 Whitney Crest
New Laura, MS 12407",Y,hours
642,Todd James,261-93-2953,"778 Henderson Extension Suite 531
Fowlerton, VT 56165",Y,hours
643,Cheryl Fitzpatrick,073-27-2336,"71053 Brandon Bypass
New Stephenhaven, MN 10689",N,hours
644,April Hernandez,737-45-6427,"8479 Eugene Wall Apt. 787
Jonathantown, WA 59680",Y,hours
645,Marc Hester,324-94-7434,"87233 Melissa Ranch Apt. 116
South Christopher, HI 31000",Y,miles
646,Joshua Christian,523-31-9545,"8804 April Inlet Apt. 949
North Dawnberg, GA 17809",N,hours
647,Stephen White,517-62-5974,"713 Philip Underpass
Philipville, ID 40682",Y,hours
648,Michelle Lee,272-41-8001,"988 Kerr Neck
Anitaberg, MA 27124",Y,hours
649,Tina Brown,572-98-4893,"USNS Pittman
FPO AE 16852",Y,miles
650,Nicholas Mooney,133-95-4237,"787 Andrea Hollow
Port Dylan, HI 04579",N,miles
651,Elizabeth Parker,320-28-3416,"869 Sean Cliffs
Sharonburgh, MN 48511",Y,hours
652,Riley Hess,338-15-9439,"PSC 3131, Box 4621
APO AP 04939",Y,hours
653,Breanna Johnson,748-36-2290,"32446 Turner Harbor Apt. 370
New Lisashire, KS 08426",N,miles
654,Seth Smith,059-13-6932,"5361 Amy Key Apt. 166
Greeneside, MA 89024",N,hours
655,Jennifer Stone,419-39-0930,"74305 Michael Route Suite 181
Port Shawnview, UT 25300",Y,hours
656,Victor Lane,308-45-3488,"9319 Audrey Field Apt. 881
Martinfort, PA 47802",N,miles
657,Julia Cisneros,221-76-2838,"75132 Amanda Manor
West David, WV 62723",Y,miles
658,Cody Davis,772-50-1531,"706 Michael Viaduct
Mortontown, SD 58912",Y,miles
659,Ashley Kline,233-75-4648,"94597 Bailey Forks Apt. 411
New Lisa, ID 12062",N,hours
660,Natasha Strong,691-43-3304,"71658 Jack Manor Suite 002
Amandamouth, VT 07049",Y,hours
661,Michael Price,665-63-9168,"9477 Peck Plains Apt. 710
Lake Karen, NY 09853",N,miles
662,Jose Knight,745-12-0871,"PSC 8996, Box 2134
APO AP 31886",N,miles
663,David Pierce,225-61-2661,"915 Lisa Heights Apt. 753
New Brandonfort, MI 51703",Y,hours
664,Ryan Ortiz,329-63-6022,"696 Martin Plaza Apt. 260
Bensonborough, AK 57184",Y,hours
665,Jeffrey Nolan,524-32-6739,"00154 Anna Track Apt. 635
Thomasborough, NY 85592",N,miles
666,James Harris,247-94-0174,"45460 Wiley Stream Suite 329
South Katrinaview, AS 87376",Y,hours
667,Margaret Lopez,110-68-7445,"589 Sharon Course
Mirandabury, CA 09054",Y,hours
668,Michael Collins,657-17-2315,"3854 Hall Trail
South Morganport, OR 94286",Y,hours
669,Stephen Elliott,026-60-6424,"3233 Shawn Harbor Apt. 245
North Jillport, AS 87443",Y,miles
670,Michelle Roberts,781-27-3991,"6972 Anderson Flats Suite 607
Riveraville, AZ 85986",N,miles
671,Clinton Lee,719-35-5903,"756 Brewer Ville Suite 431
Shannontown, MH 04227",N,hours
672,Ashley Long,535-31-9676,"796 Williams Rest Apt. 286
Williamton, KY 02989",Y,hours
673,Greg Reed,540-73-5763,"696 Jones Track Apt. 008
Tiffanyland, WI 06097",N,hours
674,Miss Dominique Navarro,803-54-0482,"271 Andrea Expressway
Kristenview, NH 96115",N,miles
675,Hector Jacobs,307-81-7046,"013 Hill River
Nicholsonchester, TN 95537",Y,hours
676,Elizabeth Gordon,396-08-5160,"551 Morgan Haven
Petersbury, RI 09562",Y,hours
677,Jessica Thomas,821-18-9902,"8795 John Alley Apt. 628
West Kimberlyfort, OK 03738",Y,miles
678,Jeffrey Diaz,242-35-9308,"PSC 9338, Box 4557
APO AP 01351",N,hours
679,Kirk Bradley,457-34-5244,"869 Johnson Radial Apt. 928
Petersonport, ID 30401",Y,miles
680,Tamara Chapman,522-98-5789,"01951 Bailey Knolls
Garciaburgh, MN 01002",Y,miles
681,Rachel Clark,825-51-9650,"86309 Donna Mill Apt. 267
Lake Dennisberg, NJ 10487",Y,hours
682,Juan Ramirez,564-82-6546,"1948 Hogan View
West Susanmouth, MP 17406",Y,miles
683,Michelle Dean,433-46-8755,"5520 Garcia Trail Suite 157
Stevensstad, WI 20773",Y,miles
684,Christine Thompson,800-63-6751,"Unit 2869 Box 4551
DPO AP 56230",Y,hours
685,Lindsey Adams,382-22-2107,"USS Phillips
FPO AA 07408",Y,hours
686,Nathaniel Brooks,252-85-3357,"50175 Christopher Plains
South Jasonland, MI 86530",Y,miles
687,Richard Warren,416-52-6527,"9247 Dennis Stream Suite 457
Deckerchester, AK 67048",N,hours
688,Dr. Ann Sharp,285-35-9137,"USNS Faulkner
FPO AP 39706",Y,miles
689,Patricia Orr,637-11-7750,"86479 Guzman Plains Apt. 056
Brianbury, OK 27675",N,miles
690,Brianna May,618-17-3937,"735 Richards Valleys
Simsburgh, CO 24016",N,hours
691,Allen Short,216-28-7563,"25735 Maddox Ways
East Nathan, WA 07674",N,hours
692,Sara Baker,298-54-3282,"601 Victor Valley
East Andres, DE 08039",Y,miles
693,Benjamin Hughes,491-35-9630,"84985 Kirsten Flats Apt. 722
Mathewchester, TX 84689",Y,miles
694,Tyler Carrillo,583-97-2018,"44466 Christopher Mission Apt. 922
Lake Scottmouth, ME 66214",N,miles
695,Veronica Allen,780-05-1527,"6026 Andre Village
Billyhaven, TX 98493",Y,hours
696,Stacey Woodard,610-93-0085,"44400 Chavez Avenue
New Matthewstad, MO 33077",N,hours
697,Christy Miller,669-14-9705,"402 Jason Keys Apt. 263
Nelsonstad, PW 89591",N,hours
698,Crystal Morales,642-61-1724,"PSC 3756, Box 3429
APO AA 69756",N,miles
699,Monica Bowers,754-88-2373,"0129 Kimberly Wells
Roseborough, ND 26432",N,miles
700,Mike Mitchell,363-47-2507,"648 Harris Courts
East Loriburgh, IN 70659",N,miles
701,Randall Huber,651-64-9771,"07954 Sims Roads Apt. 222
New Stephen, MI 80292",Y,miles
702,Lauren Anderson,585-25-2989,"627 Phillips Streets
Sarahbury, VT 03484",Y,miles
703,Julie Mcgrath DDS,364-06-2745,"69346 Walker Mission
South Jenniferhaven, WV 59752",Y,miles
704,Keith Hayden,082-97-6941,"7820 Jeremiah Springs
Guzmanmouth, AR 94925",N,miles
705,Frederick Caldwell,011-34-9200,"799 Barbara Freeway
Romerobury, MN 53818",Y,hours
706,Mark Wright,546-11-2153,"55038 Samantha Rue Suite 139
Lake Andrew, ME 55768",N,hours
707,Christina Moore,490-17-8488,"1159 Eric Neck Apt. 140
Diaztown, OK 54583",N,miles
708,Derek Campbell,268-47-7180,"9965 Wells Loaf Suite 180
Lake Jillburgh, IN 23759",Y,miles
709,Barbara Robertson,696-67-9255,"80065 Richards Pike Suite 408
West Joebury, MH 67035",Y,hours
710,John Gibbs,027-59-8972,"16132 Eric Forest Apt. 398
Sanchezberg, WA 19372",N,miles
711,Phillip Brown,729-09-6384,"Unit 9729 Box 3625
DPO AP 37665",Y,hours
712,Nicole Webb,854-37-5599,"081 Campbell Heights Apt. 411
Natalieburgh, MO 60124",N,hours
713,Lauren Harris,826-07-6034,"97051 Ross Land
North Kevin, HI 17130",N,miles
714,Miss Gabrielle Johnson DVM,644-72-7640,"9497 Wanda Manor
Ryanview, NY 65582",Y,miles
715,Tyler Schmidt Jr.,656-89-5110,"8146 Good Streets
Duncanfort, IN 46820",Y,miles
716,Benjamin Kelly Jr.,457-84-9810,"5752 Williams Crossroad Suite 313
Dawntown, MI 92188",N,hours
717,Suzanne Guerrero,509-98-8840,"106 Brett Mill
New Patrick, LA 46354",N,miles
718,Mariah May,213-60-4567,"320 Mann Glens
West Kimberly, NM 09121",N,miles
719,Morgan Williamson,209-81-1054,"USNV Henry
FPO AE 31778",Y,miles
720,Michael Ponce,404-53-0737,"0335 Quinn Terrace Apt. 297
North Amy, MS 63163",N,hours
721,Kevin Herring,138-04-3369,"40042 Nichols Summit
Teresaside, UT 04744",Y,hours
722,Stephen Strong,505-44-1016,"09983 Krause Port
North James, AS 88878",Y,miles
723,Elizabeth Henson,787-45-4144,"162 Wilson Green
North Dawnmouth, WY 50043",Y,hours
724,Kevin Brooks,090-41-9648,"PSC 1251, Box 1843
APO AA 64158",Y,miles
725,Stephanie Wong,328-53-3019,"862 Robert Pines
Greggfort, ND 15905",Y,miles
726,Jonathan Stevenson,492-92-1393,"44253 Robinson Springs
Jonesfort, PW 80347",Y,hours
727,Christopher Walsh,708-47-3958,"4589 Norris Landing
Gardnertown, WI 03032",Y,miles
728,Amanda Brown,518-84-0968,"8855 Mark Run
Colemouth, OH 10024",N,hours
729,Mary Smith,195-14-4090,"47429 Harold Centers
Port Jefferyview, SD 17929",Y,miles
730,Ryan Johnson,565-18-9005,"03883 Robin Courts Suite 154
Michaelbury, NV 09058",N,miles
731,David Hawkins,474-89-2570,"3049 Thomas Turnpike
Valerieberg, AL 81409",N,miles
732,Geoffrey Butler,860-36-2014,"18205 Perez Track Suite 740
Port Aaronburgh, PA 40800",Y,miles
733,Robert Jones,317-32-4065,"254 Christina Lock Apt. 537
Armstrongshire, MI 50619",Y,miles
734,Breanna Hamilton PhD,485-77-9960,"8428 Sandra Neck
Masonbury, NC 33161",Y,miles
735,Mark Reeves,344-06-4337,"879 Ronald Spur
South Elizabeth, ID 49197",Y,hours
736,William Hill,250-33-9838,"28230 Debbie Ways Suite 703
Lake Bradley, MH 26794",Y,hours
737,Suzanne Valentine,885-24-7251,"USCGC Huynh
FPO AP 94021",Y,hours
738,Emily Brock,167-19-2954,"Unit 7804 Box 0020
DPO AP 09173",Y,miles
739,Alison Rosales,830-30-2549,"12727 Chavez Forks
West Michael, PW 59004",Y,hours
740,Brent Phillips,835-27-0673,"Unit 3022 Box 7800
DPO AE 65120",N,hours
741,Shannon Brown,630-49-7362,"96677 Wilkins Gateway
Brandonburgh, AL 03279",Y,miles
742,Amanda Smith,869-02-8970,"01079 Sherman Turnpike Suite 016
Shawnberg, SD 73628",N,hours
743,Dustin Perez,309-10-7116,"764 Jenkins Curve
North Ryantown, WY 43882",Y,miles
744,Jamie Maldonado,763-62-5024,"24723 Brown Loop
Port Laura, AL 44423",Y,hours
745,Mark Espinoza,020-44-2228,"760 David Ford
Port Jesse, NH 55642",Y,miles
746,Meredith Harrison,664-15-1520,"348 Sarah Viaduct Suite 339
Lake Christina, CT 56639",Y,miles
747,David Hamilton MD,392-08-2644,"2921 Sarah Tunnel Apt. 345
Garystad, MN 61717",Y,miles
748,Shannon Reyes,340-85-2367,"646 Laura Village Apt. 997
South Shaunside, WY 42957",Y,miles
749,Jay Mooney,553-84-8370,"335 Johnson Oval Apt. 851
West Bradley, NE 32888",N,hours
750,Laurie Long,212-99-8847,"6811 Gordon Prairie Suite 598
Smithshire, NC 64301",N,hours
751,Maurice Estrada,891-11-9369,"91914 Shepherd Greens
Christinebury, PR 64760",N,miles
752,Amy Coffey,251-31-7600,"PSC 2387, Box 2859
APO AE 68858",Y,miles
753,Veronica Perez,514-46-5262,"21576 Mcdonald Well Apt. 532
Lake James, PA 66684",Y,hours
754,Joseph Gordon,523-02-0160,"3125 Ballard Squares Suite 920
West Tracyside, WV 77354",N,hours
755,Robert Lee,616-66-9142,"8250 Katie Forges
Port Shelby, PR 08402",N,hours
756,Gabriela Foster,819-87-5220,"8391 Adrian Courts
Port Katherine, CA 18287",Y,miles
757,Megan Miller MD,369-26-1289,"892 Patterson Tunnel Suite 882
Patriciaborough, AZ 35744",N,miles
758,Ryan Mccoy,087-01-8127,"000 Ramos Prairie
New Paulbury, WA 08176",N,miles
759,Amy Peck,716-94-6476,"4551 Amy Stream
New Michaelmouth, MP 76223",N,hours
760,Michael Jones,783-80-1294,"248 Benitez Street
Port Anne, AK 29585",N,miles
761,William Dennis,415-05-1227,"75307 Michael Meadow Apt. 815
Lake Nicholasfort, AK 56419",N,hours
762,Rachael Martin,878-68-2360,"102 Oscar Lights Suite 229
Marvinville, VI 53076",Y,miles
763,Cheryl Miller,077-82-6029,"586 Madeline Harbor Apt. 475
West Michellebury, CO 55507",N,miles
764,Shawn Terry,054-89-1806,"651 Flores Mills Suite 783
Dawnburgh, PA 53313",N,miles
765,Robin Lopez,610-80-7033,"7873 Davis Harbor
Lake Gregorymouth, DE 96328",N,hours
766,Brandy Moreno,312-07-8767,"280 Morris Burg Suite 215
Taylormouth, WI 92653",N,miles
767,Billy Rogers,872-55-6401,"430 Moore Island
West Antoniomouth, PR 76843",Y,miles
768,Matthew Torres,724-73-0026,"5040 Kennedy Estate Suite 544
Jessicaport, RI 54040",N,miles
769,Scott Ritter,277-33-0413,"80303 Burns Villages Apt. 952
New Ericville, SC 85753",Y,miles
770,Aaron Smith,074-38-8406,"603 Nichols Ford
Glassville, WA 71801",Y,miles
771,Donald Hicks,448-62-2316,"085 Kelly Route
Lake Christopher, PR 81920",N,hours
772,David Wood,389-49-0302,"55597 Jason Mills Apt. 825
Andreastad, MP 96557",N,hours
773,Morgan Garza,158-17-2580,"USS Hodges
FPO AE 62589",Y,miles
774,Kristen Anderson,794-19-1797,"Unit 8410 Box 8241
DPO AA 26014",N,miles
775,Samantha Reynolds,058-14-6805,"118 Saunders Corner
New Kathrynton, AS 03062",Y,miles
776,Daniel Dunn,482-04-2284,"227 Jacobs Meadow
Longhaven, MT 71259",Y,miles
777,Ashley Williams,777-85-1754,"PSC 2417, Box 7173
APO AP 82916",Y,hours
778,Dustin Crawford,018-05-0334,"661 Page Locks
East John, VI 22801",N,hours
779,Rachel Stephens,344-74-0362,"5714 Raymond Trail
West Cassandraville, FL 65999",N,hours
780,Larry Garza,853-71-8112,"912 Wagner Shore
Ortizton, IL 53449",N,hours
781,Ralph Cruz,798-06-3628,"3743 Marsh Ridge
Robertville, NH 53217",Y,hours
782,Denise Rodriguez,763-54-3517,"7860 Lisa Walks Suite 543
Cynthiahaven, OK 33115",N,hours
783,Joel Howe,661-74-2010,"0374 Rebecca Divide
North Michellechester, AK 67540",N,hours
784,William Hayes,868-83-4973,"10681 Barbara Shoal
New Peterside, GU 25458",Y,miles
785,Lauren Rojas,681-32-5545,"Unit 6304 Box 9411
DPO AE 30898",Y,miles
786,Lori Baker,520-20-7835,"9770 Juan Mall Apt. 172
Lake Reneeport, ND 52099",N,hours
787,Mark Alvarado Jr.,753-20-7530,"7970 Christopher Mall
Carterchester, KY 18906",N,miles
788,David Salazar,261-75-0012,"18110 Kimberly Walks
New Susan, MI 38355",Y,hours
789,Julie Jones,438-75-3850,"4119 Schneider Corner
Smithfurt, HI 74423",N,miles
790,Kevin Murray,319-45-6651,"707 Bailey Brooks Suite 214
South Michelle, ID 88746",N,miles
791,Lori Cochran,338-15-1422,"8839 Parker Curve Apt. 623
West Angela, AK 92032",N,hours
792,Joseph Johnson,634-16-6386,"1087 Garcia Course
Danielland, IL 08504",Y,miles
793,Kim Lane,481-31-3358,"701 King Vista Apt. 690
Patelhaven, PR 84102",Y,hours
794,Jennifer Holmes,516-35-2347,"3090 Cook Mills
North Jasminstad, NH 77667",Y,miles
795,David Rios,760-50-1511,"1121 Graves Hollow Suite 214
East Anita, MH 02116",Y,miles
796,Todd Valdez,763-01-9216,"13377 Marsh Squares
Hannaland, MH 66242",N,hours
797,Phillip Lewis,394-87-3524,"73752 Prince Island
Wendyberg, KY 61464",Y,miles
798,Thomas Colon,717-13-9639,"7944 Lamb Fork Suite 271
West Shane, AL 67175",Y,hours
799,Jennifer Ford,134-25-1301,"Unit 8961 Box 2313
DPO AE 98366",Y,hours
800,Matthew Hernandez,665-47-7367,"5651 Noble Inlet
Grahammouth, MP 53307",N,hours
801,Marcus Clark,021-27-1011,"63367 Amber Lakes
North Michelle, AK 76877",N,miles
802,Daniel Marquez,763-54-1329,"61706 Morris Rapids
East Joseph, AZ 86036",Y,hours
803,Amanda Rice,263-92-9596,"Unit 0013 Box 7900
DPO AE 51915",N,miles
804,Amber Dickerson,773-56-0455,"39243 Eric Station Suite 381
Dorseyhaven, MT 68251",N,miles
805,Matthew Rangel,539-02-6031,"048 Brent Mountain
Kimville, AZ 35560",Y,miles
806,Dakota Oconnell,783-58-7302,"01987 John Extensions Suite 274
New Jonathanport, ME 24601",N,miles
807,David Elliott,449-09-8407,"290 Lutz Crescent Suite 459
Lake Alecville, IA 88059",Y,miles
808,Bobby Lyons,512-88-8528,"9943 Hector Plaza Suite 390
Washingtonport, MN 84728",Y,hours
809,Jackie Wilson,515-62-9214,"016 Cynthia Green Suite 584
Petersenburgh, IN 44208",N,hours
810,Lance Matthews,899-52-8147,"838 Lewis Estates
Brightfurt, WA 15287",N,miles
811,James Brown,780-58-7054,"41035 Sherry Brooks Apt. 852
Elizabethview, MP 43446",N,hours
812,Dakota Robinson,550-64-9896,"846 Karen Crossing Suite 762
Lopezfort, WA 36242",N,hours
813,Jessica Curry,837-68-2637,"2381 Amanda Vista
North Nicoletown, IA 31807",Y,hours
814,Kaitlyn Davis,815-85-8187,"877 Rodriguez Rapid Apt. 734
West Shannon, FM 45410",Y,hours
815,Melissa Saunders,276-02-4202,"5166 Benjamin Orchard Apt. 149
Erinburgh, NC 98106",N,hours
816,Shawn Lee,897-37-5722,"72496 Candace Walk
West Jeanne, OR 22587",N,hours
817,Donald Collins,266-60-2914,"87215 Clark Parkways
North Coryburgh, CA 67774",Y,hours
818,Joshua Garcia,232-90-2029,"85670 Jennifer Pass
North Johnstad, KS 49954",N,miles
819,Anne Hodge,562-87-6999,"651 Flores Via
North Barbara, AK 65640",N,hours
820,William Salas,591-80-8515,"USS Patterson
FPO AA 31085",Y,hours
821,Ian Bell,394-22-5671,"11093 Robbins Haven Apt. 776
West Rogerview, TN 26966",N,hours
822,Heather Scott,031-78-5625,"80725 Vang Run
Hansonberg, WY 57410",Y,hours
823,Christina Quinn,159-88-6391,"92384 Colleen Hills
Atkinsstad, CO 93289",Y,hours
824,Richard Sanchez,402-46-7357,"9968 Jennifer Course Apt. 418
Jenniferland, WY 38942",N,hours
825,Samantha Lee,442-81-7241,"630 Mikayla Brooks Suite 075
Robinsonhaven, MA 68730",N,miles
826,Jessica Lee,162-69-9545,"477 Michael Row
Mckeeshire, WV 24633",Y,miles
827,Erin Lin,602-67-6561,"54679 Thomas Ramp Apt. 022
Port Danielle, MA 04485",Y,hours
828,Scott Woodard,020-35-1256,"0911 Devin Mill Suite 846
West Henry, NJ 63886",N,miles
829,John Mcgee,878-20-1138,"0532 Webb Crest Apt. 738
Collinsfort, CT 08634",Y,miles
830,Brenda Bailey,683-71-5160,"19553 Anthony View
Laurenshire, AL 93448",Y,hours
831,Jennifer Henderson,077-53-3837,"4437 Lindsey Glen
North Russellside, OR 40760",Y,hours
832,Teresa Carter,306-43-9946,"490 Brown Keys
Beltrantown, ID 96005",N,miles
833,Jeffrey Sims,750-10-5629,"11856 Roy Trail Suite 813
Emilyside, AR 33319",N,miles
834,Michael Thompson,142-81-2629,"05024 Robert Valleys
Jenniferton, NV 96994",Y,miles
835,Gregory Herring,342-43-9787,"121 Carey Ways Apt. 417
New Jennifer, SC 95256",N,miles
836,Jessica Smith,440-84-9150,"088 Anna Islands Suite 201
Port William, CO 51195",Y,hours
837,Carol Tate,176-46-1631,"929 Katherine Mall Suite 699
New Leslie, NJ 60091",N,miles
838,Gary Howell,471-35-9335,"2243 Mckinney Trace
Lake William, KS 82842",N,miles
839,Jennifer Terry,524-67-1862,"20424 Chad Field
Garrettville, FM 94047",N,hours
840,Dr. Samantha Williams,287-84-7905,"4528 Walker Key Apt. 894
Lake Chadmouth, LA 91887",N,miles
841,Sarah Horn,873-46-8367,"3216 Fitzpatrick Plains
South Colleenborough, ME 89556",N,miles
842,Taylor Clark,503-92-0977,"173 Carrie Summit
Prestonshire, ID 99534",Y,hours
843,Jacob Romero,821-75-1268,"784 Ryan Center
South Javierberg, WA 54504",Y,miles
844,Kayla Johnson,717-35-0473,"48239 Johnson Spurs
Palmerside, AZ 27871",Y,miles
845,Garrett Mills,082-24-6996,"16665 Ross Mount Suite 684
Scottland, CO 25968",Y,hours
846,Hunter Carter,762-21-0822,"258 Scott Prairie Suite 753
Laceyburgh, IN 18995",N,miles
847,Theresa Boyle,668-99-5959,"64967 Mcfarland Burgs
Tinaton, KS 14357",Y,miles
848,Ashley Lyons,682-25-2474,"643 Coleman Route
West Kevin, FM 04345",N,miles
849,Alyssa Ingram,099-88-4528,"3856 Valdez Lodge Suite 187
Clarkchester, VA 20508",N,hours
850,Melissa Smith,253-72-9067,"0149 Lindsey Way Apt. 540
West Cheryl, HI 84731",Y,miles
851,Cathy Jennings,013-06-1499,"1192 Ashley Junctions Suite 253
Bellhaven, MP 54323",N,miles
852,Christopher Miller,597-22-2612,"49553 Mary Trace
Andersonshire, OH 22131",N,miles
853,Maria Eaton,690-83-9784,"066 Nathaniel Mission
Carlsonport, WA 57328",N,miles
854,Katie West,030-18-7108,"721 Hays Knoll
Joannafurt, NC 32973",Y,hours
855,Jack Garcia,076-65-8507,"USS Dawson
FPO AP 71242",Y,hours
856,Christie Pena,243-59-0112,"34763 Paul Courts Apt. 728
South Adrienne, AZ 82704",N,hours
857,Sara Perry,072-04-3488,"020 Crystal Lane
Diazstad, NM 18516",N,miles
858,Tasha Garcia,536-33-0142,"5474 Thomas Cove
East Jeffrey, AL 52517",N,hours
859,David Banks,113-57-2011,"7102 Case Groves Suite 406
West Rogerton, AK 42129",N,hours
860,Todd Russell,717-46-3904,"3075 Torres Courts Suite 405
Lake Jodi, GU 52014",Y,miles
861,Kimberly Bolton,017-33-5970,"592 Owens Walks Suite 887
Lake Amybury, ME 94310",Y,hours
862,Collin Molina,406-18-2266,"2480 Benjamin Gateway Apt. 263
Brianville, DC 00604",N,hours
863,Melissa Sims,849-43-4251,"2741 Luke Pike
New Scottview, SD 56075",N,miles
864,Lori Russell,533-48-8581,"2497 Connie Walks
Andrewport, MT 89373",N,hours
865,Joseph Delacruz,557-46-9020,"021 David Trafficway
Lake Anitaside, ME 20965",N,miles
866,Michael Wolfe,667-22-5566,"74895 Lauren Station Suite 915
Leechester, MO 87304",N,hours
867,Michael Garcia,361-72-3578,"Unit 4565 Box 1898
DPO AA 31322",N,miles
868,Carrie Henderson,163-64-2574,"201 Rebecca Valleys Apt. 635
Wellsborough, AZ 80796",N,hours
869,Shaun Watson,495-76-5269,"24300 Ryan Flats Apt. 491
Charlesbury, VT 01047",N,hours
870,Christine Reynolds,382-46-2140,"2591 Richard Branch
South Nancy, MD 62424",N,miles
871,Phillip Logan,633-60-9775,"36986 Michael Oval
New Walterton, VI 04190",Y,hours
872,Debra Hall,299-59-8538,"586 David Island Suite 859
East Robin, OR 10680",Y,hours
873,Elizabeth Hughes,394-01-9325,"612 Megan Manor
Port Michael, IN 75958",N,miles
874,Preston Mata,876-39-9391,"965 Larry Hills
Zamorastad, DC 07786",Y,hours
875,Brandy Coleman,420-25-0689,"374 Rebecca Overpass
West David, MI 38159",N,miles
876,Nicole Vega,137-54-5988,"20159 Joshua Wells
Fernandohaven, VA 60946",Y,miles
877,Dr. Jodi Sullivan,192-98-9809,"790 Miller Port
Smithfurt, MO 38463",N,miles
878,Antonio Terry,330-13-1443,"0479 Ruben Ports
Port Lisa, MA 86394",N,miles
879,Joshua Valenzuela,044-65-5797,"PSC 2722, Box 1830
APO AP 86832",Y,hours
880,Crystal Spence,285-92-1696,"80661 Jonathan Roads
West Randyland, NJ 81971",Y,hours
881,Xavier Henry,542-24-9400,"29110 Audrey Brooks Apt. 037
Port Michael, MS 87190",Y,hours
882,Lee Carpenter,782-51-3499,"5476 Adam Square Apt. 052
Smithtown, VA 68544",N,miles
883,Amber Patel DDS,749-52-4810,"28356 Lopez Track
Nguyenchester, ID 03172",Y,hours
884,Erika Mueller,771-36-5253,"4898 Case Skyway
Ginafurt, LA 28549",N,miles
885,Heather Gilmore,430-45-5345,"333 Hutchinson Lane Suite 651
Loriburgh, NH 40211",Y,miles
886,Leslie Harris,417-38-8768,"44198 Norton Ford Suite 645
West Donald, DE 83558",Y,miles
887,Erika Manning DDS,561-86-8231,"6115 Juarez Views Suite 956
Lake Mindyville, OH 94726",N,miles
888,Miss Elizabeth Molina,234-62-5138,"530 Lloyd Wells Suite 005
South Brandonville, AR 77991",N,hours
889,Kevin Miles,719-86-9705,"35602 Compton Corner
Terriview, IN 02724",Y,hours
890,Manuel Lopez,749-60-1235,"9052 Brittany Dale
Amandahaven, WA 02777",N,hours
891,Brittany Chen,715-58-7605,"3088 Powers Parkway Apt. 125
Joefort, NJ 04291",Y,hours
892,Maria Johnson,564-65-4079,"5760 Dustin Ranch Suite 951
Lake Jamestown, MA 05069",Y,miles
893,Stephen Davis,092-41-0796,"USNS Martinez
FPO AA 32178",N,miles
894,Dan Powell,537-79-9121,"Unit 6555 Box 4321
DPO AP 82723",N,miles
895,Cynthia Levy,883-41-6543,"64022 Susan Turnpike Suite 605
Stevenshire, OH 55436",Y,hours
896,Patricia Davis,091-62-4040,"01938 Thomas Landing Suite 422
New William, OK 92172",Y,miles
897,Ashley Parker,850-44-5636,"63576 Bass Fields Suite 563
North Collin, AR 97640",N,hours
898,Laura Goodwin,461-93-9141,"Unit 2154 Box 8546
DPO AP 36099",Y,miles
899,Nathan Torres,410-66-3025,"PSC 2924, Box 1780
APO AA 38449",Y,hours
900,Rebecca Pierce,855-22-8734,"5015 Kimberly Falls Apt. 011
Lake Jacobshire, NJ 86858",Y,miles
901,Suzanne Rocha,607-96-6293,"6819 Thomas Mountains Suite 876
South Joshua, SD 91612",N,miles
902,Ann Jensen,464-83-7693,"1984 Cruz Forge
North Danielchester, MI 01080",Y,miles
903,Erin Henderson,006-63-3482,"086 William Wall Apt. 487
South Steven, IL 81883",N,miles
904,Lauren Morales,644-92-7848,"0956 Dylan Forge Apt. 970
Port Crystalmouth, CA 15778",N,miles
905,Lori Rocha,528-69-0182,"52228 Loretta Cove
Andrewshire, WA 37450",N,hours
906,Cory Reynolds MD,400-74-5077,"PSC 4513, Box 9151
APO AP 37952",N,hours
907,Tara Steele,220-85-2110,"655 Christopher Wall
Padillashire, KS 52602",Y,hours
908,Sandra Norton,620-32-8900,"756 Johnson Ford
Kelliburgh, MA 84038",N,hours
909,Brooke Jones,382-94-5483,"32211 Flynn Keys
Kaylaland, WA 32829",N,hours
910,Edward Hill,116-64-4028,"3594 Crosby Ridge
Stephaniefurt, MN 83634",Y,miles
911,Megan Davis,589-41-5644,"365 Taylor Key
Shawnmouth, CO 38485",N,hours
912,Douglas Silva,748-68-2474,"270 Wells Lake Suite 762
Estradaland, ID 13089",N,hours
913,Sean Reyes,749-44-6683,"31368 Freeman Ramp Suite 483
Castilloport, AK 54169",Y,miles
914,Matthew Padilla,617-86-7666,"5340 Javier Port Suite 308
Millerview, MS 05545",Y,miles
915,Zachary Campbell,681-25-4759,"2180 Kristen Glens
North Jonathan, MI 82466",N,miles
916,Charles Herrera,569-25-0437,"400 Williams Gateway
New Jeremyburgh, CO 42952",N,miles
917,Joel Jimenez,569-60-7335,"39257 King Junction Suite 588
Lake Destiny, WV 35330",N,hours
918,Justin Roberts,538-73-1715,"4010 Bobby Lights Suite 184
West Samantha, SD 72187",N,hours
919,Stacy Watson,517-07-2202,"5892 Thomas Estates Suite 225
Johnsonland, CA 66628",N,hours
920,Stephanie Meyer,345-35-3409,"9278 Tammie Overpass
Amandaville, SD 84222",Y,miles
921,Natalie Huffman,884-18-2449,"77103 Rogers Knolls Apt. 711
North Jessica, CT 67556",N,hours
922,Shari Ayers,155-92-4296,"314 Harold Bypass
Christiemouth, CO 30007",N,hours
923,Stephanie Ray,498-78-9869,"21764 Lopez Plains
Sherryberg, TX 61237",Y,hours
924,Douglas Munoz,729-14-7555,"853 Morgan Wall
Zimmermanton, ME 68385",N,hours
925,Pamela Cooper,394-39-9191,"739 Chad Green
Lake Brittany, WV 26131",Y,miles
926,Brent Hopkins,757-39-4040,"USNV Marshall
FPO AA 58091",Y,miles
927,Amanda Villanueva,284-90-7990,"64914 Chapman Islands
Loweside, CA 72476",N,hours
928,Roger Mendez,301-55-1659,"0895 Zimmerman Fields
East Emilyview, MO 77253",N,hours
929,Sara Robertson,589-97-7449,"PSC 6213, Box 8284
APO AE 29421",N,hours
930,Peggy Williams,478-78-7646,"USNV Bailey
FPO AP 94959",N,hours
931,Christina Harris,858-35-7812,"53929 Henson Land Apt. 200
East Colinmouth, SD 58404",Y,hours
932,Derek Gonzalez,898-37-1706,"0400 Nunez Locks
New Kayla, HI 50385",N,miles
933,Charles Flores,591-37-9965,"6397 Dana Place Apt. 241
Jacobburgh, WA 55297",Y,miles
934,Karen Griffin,462-07-8944,"6896 James Extension
Gonzalezbury, MI 82349",Y,miles
935,Kurt Rowe,649-84-7137,"3944 Hernandez Plaza Apt. 453
Hinesbury, WI 79783",Y,miles
936,Ann Moore,515-50-6623,"775 Brian Drives
South Annamouth, VT 87078",Y,hours
937,Jenna House MD,454-89-1570,"47163 Rose Trace Apt. 457
New Kyle, OK 55693",N,miles
938,Shannon Montgomery,054-04-8460,"338 Holt Drives Suite 078
North Michael, ND 89853",Y,hours
939,Joel Thomas,532-01-4346,"26303 Anthony Parks Suite 226
Murrayville, FL 39032",Y,miles
940,Andrea Young,579-16-0490,"64713 Jill Wall Apt. 144
Castilloshire, OK 03469",N,hours
941,Kimberly Jackson,409-34-3384,"004 Danny Rapid
Tapiafort, KS 35967",Y,miles
942,Donald Farrell,242-28-7559,"PSC 5034, Box 0843
APO AP 39158",N,miles
943,Troy Campos,324-47-3521,"PSC 9813, Box 0824
APO AP 54979",Y,hours
944,Carl Cochran,752-29-1755,"428 Joshua Rue Apt. 234
Bakershire, GU 38626",Y,miles
945,Christopher Villa,688-39-8828,"7592 Victor Squares Suite 929
New Davidtown, ME 89526",Y,miles
946,Kenneth Gonzalez,770-84-5288,"0607 Edward Wells Apt. 616
Georgemouth, AK 77266",Y,hours
947,Andrea Cunningham,132-68-9633,"175 Jeffrey Forest
South Crystalfurt, PA 38986",Y,miles
948,Julie Hernandez,614-35-9731,"PSC 0597, Box 4976
APO AE 91796",N,miles
949,Erica Miller,067-89-8044,"95667 Brown Meadow
Brookefurt, HI 75138",N,hours
950,Vincent Anderson,461-86-5829,"81966 Garcia Key
Andersonstad, CA 52036",Y,hours
951,Deborah Mitchell,510-27-5194,"59299 Coleman Prairie
New Jessicaton, VI 74079",Y,hours
952,Kara Barrera,227-55-8686,"042 Jose Plain Apt. 389
Port Brookeville, LA 59132",Y,miles
953,Kelli Gaines,331-30-4689,"74217 Mcgee Mews Apt. 191
New Jane, MI 17305",N,miles
954,Jonathan Mckinney,624-72-6881,"0511 Michelle Camp
North Robert, AS 45550",Y,miles
955,Michael Turner,429-40-0900,"USCGC Wright
FPO AP 32848",N,hours
956,Marie Kennedy,894-41-8834,"1803 Emily Walks Apt. 422
South Matthew, WI 79612",N,hours
957,Erin Martinez,511-13-7211,"41335 Fowler Stream Apt. 135
Tiffanyborough, OH 79243",N,hours
958,Diane Huff,474-50-4590,"8965 Heidi Ferry Suite 246
Oscarville, NJ 24841",N,hours
959,David Coleman,027-16-2432,"662 Ariana Turnpike
Port Samuelview, CA 60529",N,miles
960,Christina Smith,179-21-3510,"12194 Baldwin Lodge
Ibarrafurt, GA 33372",Y,hours
961,Scott Frost,162-55-8804,"0033 Wright Summit
Terrenceside, DC 15176",N,hours
962,Brenda Conway,878-75-4691,"291 Kenneth Well Apt. 711
Paigeville, PW 41361",N,miles
963,Kyle Lin,027-37-6957,"78406 Deborah Valleys Apt. 497
Jameschester, MA 85815",Y,miles
964,Robin Brooks,111-96-5637,"5308 Tiffany Fords
North Nicoleburgh, MI 30960",N,miles
965,James Jones,388-57-0127,"USNV Nelson
FPO AA 63654",N,hours
966,Derek Beck,396-58-4265,"50736 Deanna Via Suite 788
Clarkview, UT 29651",Y,miles
967,Ann Rodriguez,176-05-9821,"10249 John Forges Apt. 882
Huangstad, WY 28330",N,miles
968,Cody Jensen,230-87-6612,"USS Campbell
FPO AP 86975",Y,miles
969,Christy White,486-80-2671,"887 Weber Flat Suite 139
Clintonmouth, DE 10392",N,hours
970,Tiffany Molina,187-37-3942,"229 Lynch Camp Suite 287
West Jamesberg, VI 35637",Y,miles
971,Rebecca Hanna,345-48-2182,"60974 Wiggins Centers Suite 565
Wellsborough, MS 68821",N,hours
972,Judy Holmes,395-27-7315,"125 Daniel Fork
North Kelly, AS 21050",Y,hours
973,Ryan Roberson,864-02-2606,"1426 Lynch Falls Apt. 111
North Christopher, GU 72585",N,miles
974,James Cook,768-13-1986,"98152 Martinez Light
Crawfordburgh, SD 38152",N,miles
975,Brian Martinez,094-43-5954,"09705 Beltran Extension Suite 193
Mannmouth, PW 12847",N,miles
976,Kristina Wong,720-15-3062,"504 Brian Stravenue
Vanessaton, MD 46407",Y,hours
977,Tracy Johnson,859-45-4396,"04987 Williams Trafficway Suite 488
North Gail, NE 48158",Y,hours
978,Patrick Erickson,451-57-1359,"6188 Maria Gardens
Brittanytown, DC 50677",N,miles
979,Denise Davies,800-77-9009,"3874 Robertson Creek Suite 394
South George, AL 03881",N,miles
980,Johnny Neal,740-12-4791,"52055 Kelly Field Apt. 936
Whitechester, KS 68672",Y,miles
981,Kristina Brown,212-26-6642,"96513 Brenda Loop Suite 290
Katelynberg, SD 98194",N,miles
982,Maria Hinton,749-74-2117,"025 Rose Freeway Apt. 053
Hineston, NE 03842",N,miles
983,Todd Gonzalez,331-88-4028,"15012 Michael Manor Suite 200
Tracyland, KS 92315",N,miles
984,Alexandra Perez,424-96-5112,"9199 Craig Creek Suite 951
Floresburgh, NE 85713",N,miles
985,Anthony Harper,011-63-0039,"255 Maria Rapids
Roblesmouth, IN 17347",Y,hours
986,Joel Tate,432-72-1364,"367 Hawkins Freeway
Jonesland, AR 85549",Y,miles
987,Matthew Chambers,743-52-6724,"3649 Wise Unions
West Katelynhaven, AS 64768",N,hours
988,Jane Morgan,263-72-7050,"3349 Anderson Hollow Apt. 111
Mariafurt, OH 71564",N,miles
989,Mark Herrera,494-41-0069,"4300 Nancy Harbors Suite 841
Hollandfurt, UT 00808",Y,hours
990,Mr. Michael Martinez,003-11-6953,"540 Cassidy Viaduct
Debramouth, DE 14806",Y,miles
991,Vincent Walter,459-67-2976,"3396 Kenneth Summit
North Alfredburgh, GA 95470",Y,miles
992,Scott Sparks,127-33-4806,"1186 Victoria Centers
Ballardburgh, CA 57070",Y,hours
993,Samantha Crawford,733-62-9930,"8247 Anderson Summit Suite 615
Reeseview, SD 33051",N,miles
994,Juan Jones,309-30-5902,"11097 Davis Track Suite 400
North David, PA 58624",Y,miles
995,Jason Hensley,745-31-7113,"1996 Kent Springs
West Jonathontown, RI 41338",N,hours
996,Elizabeth Dunn,501-95-9749,"797 Melinda Walks
Port Crystalmouth, SD 65295",Y,miles
997,Matthew Wallace,329-21-3961,"4066 Taylor Village Suite 162
West Jeffery, MS 00627",N,hours
998,Hannah Walker,085-67-1288,"531 Peck Pass Suite 515
North Andrea, WI 50406",Y,hours
999,Tiffany Berry,455-92-6364,"341 Gina Station Apt. 935
Wigginsmouth, NV 94362",N,miles
1000,Shannon Nelson,370-14-3900,"273 Jose Valleys Suite 772
East Angelaview, NH 25317",N,miles
1001,David Meyer,157-04-2203,"405 Bauer Extension Apt. 755
Jamesville, MT 23401",N,miles
1002,Jeffery Washington,216-55-1995,"8351 Weber Common
Gregorystad, KY 75712",N,miles
1003,Corey Jones,826-95-0483,"0000 Ruth Trafficway
South Garretttown, WV 11556",Y,hours
1004,John Gross,578-54-7267,"555 Lisa Islands Suite 844
West Courtneymouth, ND 40861",N,hours
1005,Jessica Gonzalez,384-09-9068,"4659 Gaines Turnpike Suite 809
Natalieton, OH 17602",Y,miles
1006,Dr. Natasha Scott,894-13-8599,"9027 Flores Stravenue Suite 116
East Anthony, WA 99711",Y,miles
1007,Julie Whitney,070-35-2532,"1935 Carolyn Greens Apt. 632
Lake Christopherport, MS 31302",N,miles
1008,Brady Mitchell,043-70-4360,"209 Diana Loaf Suite 537
Cookville, WY 80096",N,hours
1009,Stephanie Gamble,154-15-7397,"2614 White Common
Carpentermouth, SC 27042",N,miles
